beam_canonical_candidates,candidate_condition_tanimotos,candidate_count,canonical_candidates,generated_image_exists,generated_image_path,generated_smiles,image_compare_error,image_compared,image_exact_match,image_max_abs_diff,image_mse,image_rmse,mean_best_condition_tanimoto,mean_best_tanimoto,pair_id,paired_output_success,raw_samples,render_error,rendered_smiles_image_exists,rendered_smiles_image_path,smiles_render_image_compare_error,smiles_render_image_compared,smiles_render_image_exact_match,smiles_render_image_mse,smiles_render_image_rmse,target_image_path,target_smiles,top1_condition_tanimoto,top1_exact_match,top1_scaffold_match,top1_target_tanimoto,top1_valid,topk_exact_match
,,0.0,,True,SketchMolJointDiffusion/outputs/runs/sketchmol_compare_joint_diffusion_seed7/joint_images/mol_019105.png,,,True,False,216.0,1672.2108764648438,40.89267509548432,0.0,0.0,mol_019105,False,Cc1cc(-c2nc3ccc(F)cc3)nc(CC(1)(C)C)cc2)cc(OC)ccCCc1ccc(OCc2cccnc2)nn2)c(C)oc1oon111111On1ccCn|Cc1cc(-c2nc(OC(F)(F)F)no((C(C)C)cc1)c1ccc(OCCCCCCc2ccc(=OCc2ccc(C)cc2)c(C)n1noonO1111c2nnn1)n|Cc1cc(-c2nc(OCc3cccoF)nc(CC(C)C)c(C)c1)c1Oc1ccc(OCc2ccc(-c2ccc(C)nnc2)c(C)oc1Con1111(12nc111n|Cc1cc(-c2nc3OC(=O)Cc3)noc(C(C)C)c1C)c1ccc(CCCCCCCOc1ccc(-c2cccon3)cc2)c(C)nc2onnO)on|Cc1cc(-c2nc(OCCC(C)=O)no((C(C)C)cc1)c1)c1ccc(OCCCOc1ccc(-c2ccccc2)ccC)n(C)oc1Con1211|Cc1cc(-c2nc(OC(F)(F)F)no((C(C)C)cc1)c1cccCOC1ccc(Oc1ccc(-c2ccc(CCnnn2)c(C)c1O)onC111122nOo1cn|Cc1cc(-c2nc(OC(F)(C)F)nc(OC(C)C)cc1)c1ccc(CCCCCCCCc1ccc(-c2ccc(C)ncn2)n1C)o1nnonc111c1O-1o112|Cc1cc(-c2nc3OCCCCCCC3)nc(OC(C)(C)c1)c1ccc(OCCCC(COc1ccc(-c2ccc(CC)n2)cc2Cnon2)ono111,missing_smiles,False,SketchMolJointDiffusion/outputs/runs/sketchmol_compare_joint_diffusion_seed7/rendered_smiles_images/mol_019105.png,missing_target_image,False,False,,,SketchMolJointDiffusion/outputs/runs/sketchmol_compare_joint_diffusion_seed7/target_images_resized/mol_019105.png,Cc1cc(CCCOc2c(C)cc(-c3noc(C(F)F)n3)cc2C)on1,0.0,False,False,0.0,False,False
,,0.0,,True,SketchMolJointDiffusion/outputs/runs/sketchmol_compare_joint_diffusion_seed7/joint_images/mol_047082.png,,,True,False,190.0,1428.0432739257812,37.789459825800385,0.0,0.0,mol_047082,False,CC(C)(C)OC(=O)CCCCCCC3CCCC3)CC(=O)C(CCCC(C)(C)C(OCCCCCCC(=OCO)cC1)C(=O)O)C(=O)O)O1OOO)C|CC(C)(C)OC(=O)CCCCCCC3CCCC3)C(=O)O[C@@H](CC2CCC(CCCC(O)CCCCCC()O)O)C(=O)O)CC1)C(=O)O)OOOOO)C|CC(C)(C)OC(=O)NCCCCCC3CCCC3)CC(=O)[C@@H](CCCC(O)((O)C)C(CCCCC()O)O)C(=OCO)CC1)C(=O)O)OO1O=1C|CC(C)(C)OC(=O)NCCCCCC3CCCC3)CC2CCCC(CC(C)CCCCCC(=O)O)O)[C@H](CC(=O)O)CC2)CC1)C(=O)O)OO)OC)C|CC(C)(C)OC(=O)CCCCCCC3CCCC3)C(=O)O[C@@H](CC(C(C)CCCC1CCCCC(=O)O)C2)CC1)C(=O)O)C(=O)O)OOOO)OC|CC(C)(C)O)CCCCCCCCCCC3CCCC3)CC2CC(O)C(O)CCCCCCC(=)C2CCC[C@H](CC(=O)O)C(=O)C1)C(=O)O)OOOO1OC|CC(C)(C)OC(=O)CCCCCCC2CCCC3)C(=O)C[C@@H](CCC(C(CCC[C@@H](C((O))[C@@H])CCCC(=O)O)CC2)CC1)C(=O)O)OO)OCOC|CC(C)(C)OC(=O)CCCCCCC3CCCC3)CC(CO)C(CCCCCC(CC)C(=O)O)C[C@H](O)C(=O)O)CCO)CC1)C(=O)O)OONOC)C,missing_smiles,False,SketchMolJointDiffusion/outputs/runs/sketchmol_compare_joint_diffusion_seed7/rendered_smiles_images/mol_047082.png,missing_target_image,False,False,,,SketchMolJointDiffusion/outputs/runs/sketchmol_compare_joint_diffusion_seed7/target_images_resized/mol_047082.png,CC(C)(CCCC1CCC(CCCC(C)(C)CC(=O)O)CC1)CC(=O)O,0.0,False,False,0.0,False,False
,,0.0,,True,SketchMolJointDiffusion/outputs/runs/sketchmol_compare_joint_diffusion_seed7/joint_images/mol_041022.png,,,True,False,215.0,2149.1563720703125,46.35899451099336,0.0,0.0,mol_041022,False,O=C(Cc1nc2ccccc2nc3cccccc2s2)1)c1ccc(C(F)(F)F)(1)(c1ccc(C(F)(F)cccc21)C(F)(F)C(FFFF|O=C(Cc1nc2ccccc2nc3cccccccc2s1)c1ccc(C(F)(F)F)(F)F)cc2F)C(F)(F)cccc21)C(F)(F)C()FFF|O=C(Cc1ncc2ccccc2nc2ccccc2s1)O)ccccc(C(F)(F(F)(F)F)c1)C(F)(F)F)ccc2s1)C(F)(F)(F(F)FFF1|O=C(Cc1ncc2ccccc2nc2ccccc2s1)c1nc(C(OC(F)(F)F)cc2s1)c1ccccc1)C(F)(F)F)C(F)(F)C()F)F|O=C(Cc1ncc2ccccc2nc2ccccc2sc2cccc(C(F)(F)(F)F)c1)s1)c1ccccc1)C(F)(F)F)C(F)(F)C()F)F|O=C(Cc1ncccccccc2nc2ccccc2s1)c1nc(C(OC(F)(F)F)c1)C(c1ccc(C(F)(F)F)CC1)C(F)(F)C()F)F|O=C(Cc1nc2ccccc2nc3ccccccc2s1)O)c1cc(C(F)(F)C(F)(F)F)ccccc21)C(F)(F)F)C(F)(F)C()F)F|O=C(Cc1nc2ccccc2ncnc2ccccc2s1)c1cccc(C(F)(F)F))c2s1)c1ccccc1)C(F)(F)F)C(F)(F)C((FFF,missing_smiles,False,SketchMolJointDiffusion/outputs/runs/sketchmol_compare_joint_diffusion_seed7/rendered_smiles_images/mol_041022.png,missing_target_image,False,False,,,SketchMolJointDiffusion/outputs/runs/sketchmol_compare_joint_diffusion_seed7/target_images_resized/mol_041022.png,O=C(Cc1nc2ccccc2s1)C(F)(F)F,0.0,False,False,0.0,False,False
,,0.0,,True,SketchMolJointDiffusion/outputs/runs/sketchmol_compare_joint_diffusion_seed7/joint_images/mol_017796.png,,,True,False,223.0,1758.8809814453125,41.93901502712376,0.0,0.0,mol_017796,False,C=CCCCCCN2CCN(C(c3cccc(Cl)c3)c2ccc(C2=C(c2ccccc2)c2C(c2cccc3cccc(Cl)c22)cc(Cl)cc2)c111)))c|C=CCCCCCN2CCCN(c3ccccc(Cl)c2)c2ccc(CCCN(c2ccc)c2)N2C(C)c2ccc2ccc(Cl)cc3)c2=O)cc2)c111)O|C=CCCCCCN2CCN(C(c3ccccc3)c2ccc(C#N(C#Cc2ccc)c2))N(CCc2cccc2cccc(Cl)cc2)c2)ccc(F)c1111))c|C=CCCCCCN2CCCN(c3ccccc3Cl)c2O)c2cccc3)Cc2)c2ccccc2)c2C)N(CCc2ccc(Cl)cc2)c2(Cl)c(F)c1(11c3C|C=CCCCCCN1CCN(C(c3cccc(Cl)c3)c2ccc(C2(c2ccc(C#c)c2)C(C)c2ccc2ccc(Cl)cc2)cc(Cl)c(Cl)c1C)C)cc|C=CCCCCCN2CCN(C(c3ccccc3)c2)cc(C#N)N(c2ccc(C#ccccc(C(c2ccccc3)c2c)c(Cl)c2)c1c(F)c1111)c2|C=CCCCCCN2CN(CCC(c3ccccc3)c2)N2CCN(c3cccccc)c4)cc23)c)OC(c2cccc(Cl)cc2)c2cccc(Cl)c1C1))cc|C=CCCCCCN1CCN(C(c3cccc(Cl)c2)c2ccc(C#N)(c2ccc(Cl)cc2)N2C)C(c2cccc(Cl)cc2)cc(Cl)cc2)c1113))1,missing_smiles,False,SketchMolJointDiffusion/outputs/runs/sketchmol_compare_joint_diffusion_seed7/rendered_smiles_images/mol_017796.png,missing_target_image,False,False,,,SketchMolJointDiffusion/outputs/runs/sketchmol_compare_joint_diffusion_seed7/target_images_resized/mol_017796.png,C=C=CN1CCN(c2cccc(Cl)c2)CC1,0.0,False,False,0.0,False,False
,,0.0,,True,SketchMolJointDiffusion/outputs/runs/sketchmol_compare_joint_diffusion_seed7/joint_images/mol_044426.png,,,True,False,185.0,1526.5303344726562,39.07083739149516,0.0,0.0,mol_044426,False,N[C@@H](C[C@@H](C/C=C/c1ccc(F)cc1F)C(=O)c1ccc(C(F)(F)F)(F)F)cccc1(C(=O)C(1)C(=O)O)CC(=O)[C@@H](OOFOCOCO)CCCO))|N[C@@H](C[C@@H](C/C=C/c1ccc(F)cc2F)cc1)C(F)(F)F)(F)F)cc1)C(=O)(F)F)cc2)ccc1CC(=O)O)C(=O)O)OOOOCCCO(FO(O)C|N[C@@H](C[C@@H](C/C=C/c1ccc(F)cc2F)cc1)C(F)(F)F)C()O)O)COC(=O)c2ccccc2)cc1)C(=O)OC(C(=O)O)OOOOC)CO(=FCO)F|N[C@@H](C[C@@H](C/C=C/c1ccc(F)cc1)C(=O)C(F)(F)C(=O)F)C(=O)C(F)c2ccccc2)cc1)C(=O)OCCC(=O)O)OOFOC)COOC/CO)F|N[C@@H](C[C@@H](C/C=C/c1ccc(F)cc2F)cc1)C(=O)O(C(F))F)C(=O)C(F)cF)F)cc2)cc1)CC(=O)O)C(=O)O)OOFOC)ClO(FFCO|N[C@@H](C[C@@H](C/C=C/c1ccc(F(F)(F)F)cc1)C(=O)C(F)(F)F)ccc2)OC(=O)cF)F)cc1)C(=O)OC)C(=O)O)OOCOC(C)(COCOC/|N[C@@H](C[C@@H](C/C=C/c1ccc(F(F)(F)F)1)C(=O)OCC(F)(O)[C@H]=O)C(F)(F)F)ccc2)cc11C(=O)O)CC(=O)O)OOOOCOCO(COCO)/|N[C@@H](C[C@@H](C/C=C/c1ccc(F)cc1)C(=))OCCC(C(F)(F)F)cc1)FC(F)F)C(=O)O)ccc1C(=O)OC)C(=O)O)OOFOC(CO,missing_smiles,False,SketchMolJointDiffusion/outputs/runs/sketchmol_compare_joint_diffusion_seed7/rendered_smiles_images/mol_044426.png,missing_target_image,False,False,,,SketchMolJointDiffusion/outputs/runs/sketchmol_compare_joint_diffusion_seed7/target_images_resized/mol_044426.png,N[C@@H](C[C@@H](C/C=C/c1ccc(OC(F)(F)F)cc1)C(=O)O)C(=O)O,0.0,False,False,0.0,False,False
,,0.0,,True,SketchMolJointDiffusion/outputs/runs/sketchmol_compare_joint_diffusion_seed7/joint_images/mol_039040.png,,,True,False,241.0,2021.2072143554688,44.95783818596562,0.0,0.0,mol_039040,False,COc1cc2c(O(OC(=O)c3ccc(c3ccccc3)CC(=O)OC)C(O)N2)NCCN2CC[C@H]2OC(c2ccccc2))[C@H]1O)=O)O12O(O1C1O|COc1cc2c(c(OC(=O)c3ccccc3F)ccc4OC)C/C(=OC(=O)N2CCN2C[C@H](c2cccccccc2)O)CC2)OC(C)OC1OCO1=|COc1cc2c(O(OC(=O)c3ccc(c4ccccc4)C(=O)N(OC)=OCN2CC[C@]2)OC(=O)N(c2cccccc2)[C@H]1OC)C1)O2O(O1C)C|COc1cc2c(O(OC(=O)(c3cc(Br)ccc3c1)OC(=O)N1C(=O)N2CCCCN2CCOC(c2ccccc2))C[C@H]2OC(=O)O1OO)())1C)c(1)c)C|COc1cc2c(O(OC(CO)c3c(c3ccccc3)[C@H]1OC(=O)OC)(=O)N2CCCN1CCN(c2cccccccc2)C(=O)OC)C()CO111O)C|COc1cc2c(O(OC(=O)c3ccc(Br)cccc43)OC(=O)OC)[C@H](O)N2CCCN2CCCOC(c2cccccccc2)[C@H]2C(=O)C2O1)O11|COc1cc2c(O(OC(=O)c3ccc(c3ccccc4OC(=O)[C@H](OC)=O)N2CCN2CCCN2CC[C@H](c2ccccc))O))C(=O)O2)O1O1C|COc1cc2c(c(OC(=O)c3ccc(Br)ccccc3)OC(=O)N(O)C(=O)CCN2C(C2)N2COc2cccccc2))1C(=O)O2OO)O1C)C,missing_smiles,False,SketchMolJointDiffusion/outputs/runs/sketchmol_compare_joint_diffusion_seed7/rendered_smiles_images/mol_039040.png,missing_target_image,False,False,,,SketchMolJointDiffusion/outputs/runs/sketchmol_compare_joint_diffusion_seed7/target_images_resized/mol_039040.png,COc1cc2c(c(OC(C)=O)c1OC)C(=O)[C@]1(OC)C=C[C@H]2N(c2ccccc2)O1,0.0,False,False,0.0,False,False
,,0.0,,True,SketchMolJointDiffusion/outputs/runs/sketchmol_compare_joint_diffusion_seed7/joint_images/mol_019896.png,,,True,False,203.0,1544.7175903320312,39.30289544463653,0.0,0.0,mol_019896,False,CCCN(CCCCN1C(=O)c2ccc(OC)c(c1)O1)C(c2ccc(F)cc2)cc2)c11c1ccc(OC)c(OC)c(OC)cc1OC2CCC1N|CCCN(CCCCN1C(=O)c2ccc(OC)cccc2C1)C(c2ccc(F)cc3F)cc)OC)c1ccc(OC)c(OC)c(OC)c2)OC)CCC11211CO11c1|CCCN(CCCCN1C(=O)c2ccc(OC)c(c1)C1)C(c2ccc(F)cc2)cc2)1C)c1ccc(OCcc(OC)c(OC)c2)O1)CCC1NC1CCO11C1|CCCN(CCCCN1C(=O)c2ccc(OC)c(c1)C1)C(c1ccc(F)cc(F)cc2O1)c1ccc2cc(OC)c(OC)c(OC)c1CCCC1CC11CO11O1|CCCN(CCCCN1C(=O)c2ccc(OC)c(c1)C1)C(c2ccc(FCcc2)ccc2OC1c1cc(OC)c(OC)c(OC)c2)CC1CCC113C1OC(|CCCN(CCCCN1C(=O)c2ccc(OC)c(c1)C1=C(c2ccc(F)cc3F)cc2OC)c1ccc2cc(OC)c(OC)c2)C1OC1CC11OC1NCO11)()C|CCCN(CCCCN1C(=O)c2ccc(OC)c2)c2c1)OC2c1ccc(OC)cc(F)cc2OCCOc2ccc(OC)c(OC)c(OC)c1)CCC1C1|CCCN(CCCCN1C(=O)c2ccc(OC)c2c1)C1=O)c2ccc(F)cc3F)c2)cc(Oc3ccccc(OC)c(OC)c2)CC1)CCCC1CC,missing_smiles,False,SketchMolJointDiffusion/outputs/runs/sketchmol_compare_joint_diffusion_seed7/rendered_smiles_images/mol_019896.png,missing_target_image,False,False,,,SketchMolJointDiffusion/outputs/runs/sketchmol_compare_joint_diffusion_seed7/target_images_resized/mol_019896.png,CCCN(CCCCNC(=O)c1ccc(F)cc1)C1COc2cccc(OC)c2C1,0.0,False,False,0.0,False,False
,,0.0,,True,SketchMolJointDiffusion/outputs/runs/sketchmol_compare_joint_diffusion_seed7/joint_images/mol_018453.png,,,True,False,204.0,1646.1305541992188,40.5725344808433,0.0,0.0,mol_018453,False,N#Cc1ccc(C(=O)Nc2cc3ccc4c(C(=CNC(=O)c5ccccc4)cc4)c4cccc4ccc3OCCN3CCCCC3)cc2)cc)c11112cc|N#Cc1ccc(C(=O)Nc2ccc3c(c2)C(=O)Nc4ccccc4ccc(O)cc4)ccc4ccccc(OCCN3CCCCC3)cc2)cc1c111(ccc|N#Cc1ccc(C(=O)N=O)c2ccc3c(C(=O)Nc4ccccc4ccc(O)cc4)c4ccc4ccc3)CCN3CCCCC3)cc2)cc)c111c[nH]c2|N#Cc1ccc(C(=O)N=O)c2ccc3c(c2)NC(=O)c4cccccc(C#O)cc4ccc4[nH]ccc(OCCN3CCCCC3)cc2)cccc1112|N#Cc1ccc(C(=O)NC(=O)c2ccc(C(=O)NCc4cccc(OCC5)cc4)c3ccc4cccc(OCCN3CCCCC3)cc2)cc)c1c11c2(|N#Cc1ccc(C(=O)Nc2ccc3c(c2)c4cCc(NC(=O)c6ccccc(OCc4ccccc4ccc3)CCN3CCCCC3)cc2)cc)c11112(O|N#Cc1ccc(C(=O)Nc2cc3ccccc(CCCNC(=O)c4ccccc4)cc3)c4ccccc4ccc(OCCN3CCCCC3)cc2)cc)c111c1cc|N#Cc1ccc(C(=O)Nc2cc3ccc4c(C(=O)N(COCOc5ccc(O)cc4)c3ccc4cccc(OCCN3CCCCC3)cc2)cc)c11221O3,missing_smiles,False,SketchMolJointDiffusion/outputs/runs/sketchmol_compare_joint_diffusion_seed7/rendered_smiles_images/mol_018453.png,missing_target_image,False,False,,,SketchMolJointDiffusion/outputs/runs/sketchmol_compare_joint_diffusion_seed7/target_images_resized/mol_018453.png,N#Cc1ccc(C(=O)Nc2ccc3cc[nH]c3c2)cc1,0.0,False,False,0.0,False,False
,,0.0,,True,SketchMolJointDiffusion/outputs/runs/sketchmol_compare_joint_diffusion_seed7/joint_images/mol_004754.png,,,True,False,231.0,1551.6771850585938,39.39133388270311,0.0,0.0,mol_004754,False,CCCCCCCCC(C)COc1ccc(C(=O)OC(CcCOC)c(=O)C(COC(=O)C(C)(C)C(C)=O)cc)C(=O)OCC1(C)C)=OCC(C(CO(|CCCCCCCCC(C)COc1ccc(C(=O)OCc2cc(C)cc2)c(OC(C)(C)C(C)(C)C)(C)C)cc1OC(=O)OC(CO)C(=OCC)C(C)(|CCCCCCCC(=O)OOc1ccc(C(=O)OCc2cc(OC)c(=O)OC(C)(C)C(C)(C)C)cc2)o1)CC(=COC(C)(C)C(=OCC/C(CO(|CCCCCCCCC(C)COc1ccc(C(=O)OCc2ccOC)c(OC(COC(C)(C)C(C)(C)C)c(OC)c1)C(=O)OC(C)C)C(=OC)(C(CO(|CCCCCC(C)(C)COc1ccc(C(=O)c2ccc(OC)c1OC(COC(C)(C)C(C)(C)C(=O)OC(=O)C(C)COC1=O)C(=OCCCC(COO|CCCCCC(C)(C)OCc1ccc(C(=O)OCc2cccOC)cc21)OC(C)(C)(C)C(=O)OC(C)(=O)OC(=))OC1(C)C(=OCCCC(CCC|CCCCCCCCC(C)COc1ccc(C(=O)OCc2ccc(OC(cO)COC(C)(C)C(C)(C)C(=O)(C)C)C(=O)OC(C)C)C(=OCCCC(C)O|CCCCCCCCC(C)COc1ccc(C(=O)OCccc(OC)c(OCC(OC(C)(C)(C)C(C)=OC(=C)c1)C(=O)OC(C)C(C)=OCCCC(C,missing_smiles,False,SketchMolJointDiffusion/outputs/runs/sketchmol_compare_joint_diffusion_seed7/rendered_smiles_images/mol_004754.png,missing_target_image,False,False,,,SketchMolJointDiffusion/outputs/runs/sketchmol_compare_joint_diffusion_seed7/target_images_resized/mol_004754.png,CCCCCCCCCCCCC(C)(C)C(=O)OCc1cc(=O)c(OC(=O)C(C)(C)C)co1,0.0,False,False,0.0,False,False
,,0.0,,True,SketchMolJointDiffusion/outputs/runs/sketchmol_compare_joint_diffusion_seed7/joint_images/mol_046787.png,,,True,False,231.0,2183.7230224609375,46.730322302129885,0.0,0.0,mol_046787,False,CCOC(=O)c1c(O)c(=O)2CCN(C)c3ccccc3)c1N(C)c(=O)n2cccc2C(=O)C()c1)c1cc1)c1ccccccccc11cOcc|CCOC(=O)c1c(O)c(=O)2CCN(C)c3ccccc3)c12)C(=O)n12ccccc2n1C(=O)N(C)c1cccn(C)c1cccccc11c1(1ccccCc))|CCOC(=O)c1c(O)c(=O)OCCN(C)c3ccccc3)c1c(C)c(=O)n2)c2cccccc2)c1N(C)c(=O)c1cccccccc2c111)1|CCOC(=O)c1c(O)c(=O)OCCN(C)c3ccccc3)c1=O)c(=O)c2ccccc2N(CC)N(C)c1ccc2c1=O)c1cccccc11c1cO|CCOC(=O)c1c(O)c(=O)OCCN(C)c3ccccc3))c(=O)c(=O)n2ccccc2n1CN(C)c1ccccc1)c1ccccccccc11cc211ccc1ccC|CCOC(=O)c1c(O)c(=O)OCCN(C)c3ccccc3)c12)C(=O)c1=O)c2ccccc2)c2ccc(n(C)c(=O)c1cccccc11cc1|CCOC(=O)c1c(O)c(=O)n(CN(C)c3ccccc32)c(=O)c(=O)c1ccccCN(CCN(C)c1ccc(=O)c1cccccccc111c|CCOC(=O)c1c(O)c(=O)2CCN(C)c3ccccc3)c1N(C)c(=O)n2cccc2c(=O)n(CCC)N(C)c1ccccccccccc11cc11,missing_smiles,False,SketchMolJointDiffusion/outputs/runs/sketchmol_compare_joint_diffusion_seed7/rendered_smiles_images/mol_046787.png,missing_target_image,False,False,,,SketchMolJointDiffusion/outputs/runs/sketchmol_compare_joint_diffusion_seed7/target_images_resized/mol_046787.png,CCOc1cccc2c1c(O)c(C(=O)N(C)c1ccccc1)c(=O)n2C,0.0,False,False,0.0,False,False
,,0.0,,True,SketchMolJointDiffusion/outputs/runs/sketchmol_compare_joint_diffusion_seed7/joint_images/mol_012927.png,,,True,False,229.0,2505.4942626953125,50.054912473156044,0.0,0.0,mol_012927,False,N#Cc1c(O)nc(SC2ccccccccc2F)nc1-c1ccccc1#c)ccc1C#N)c1Cc1ccc(C(F)CF))c1Cc1ccccccF11F11O11|N#Cc1c(O)nc(SCC(Cc3ccccc3F)nc1-c1ccccc1)c1nc(C(=O)c1Cc1ccccc(F)(F)F)c1CC#N)cccc1c111F11|N#Cc1c(O)nc(SC(Cccccccc2CF)nc1-c1ccccc1#C#N)c1ncccc1)c1ccccc1F)1F)CC1C#N)cccccc11111F1C|N#Cc1c(O)nc(SCCc2ccccc2F)c2)c1-c1ccccc1)c1ccccc1F)c1cc1c(C(F))F)c(C#N)c1)c1cccc1n111c11|N#Cc1c(O)nc(SCc2cccccccc2F)nc1-c1c(O)c1C(=O)c1c##Cc1)c1ccccF)cc1F)cc1F)C#)ccccc11111n1c|N#Cc1c(O)nc(SCCc2ccccc2F)c1-c1-c1ccccc1)C(OCc1ccccc1)c1c(C(F)cc1F)c(F)c1ccccccc11111N1111111n1F|N#Cc1c(O)nc(SCc2cccccccc2F)nc1-c1ccccc1#N)C(c1ccccc1F)1c(F)c1cc1F)cc1C#N)c1cccc1c111111111111|N#Cc1c(O)nc(SCc3ccccc3cc2F)nc1-c1c(O)nc1C#N)c1C##CC1Cc1cccFF)c(C(Fc(F)c1)cccccc11111n1c,missing_smiles,False,SketchMolJointDiffusion/outputs/runs/sketchmol_compare_joint_diffusion_seed7/rendered_smiles_images/mol_012927.png,missing_target_image,False,False,,,SketchMolJointDiffusion/outputs/runs/sketchmol_compare_joint_diffusion_seed7/target_images_resized/mol_012927.png,N#Cc1c(O)nc(SCc2cccc(F)c2F)nc1-c1ccccc1,0.0,False,False,0.0,False,False
,,0.0,,True,SketchMolJointDiffusion/outputs/runs/sketchmol_compare_joint_diffusion_seed7/joint_images/mol_035898.png,,,True,False,238.0,1930.802001953125,43.94089213879396,0.0,0.0,mol_035898,False,Cc1cc(Br)c(O)c(-c3cccc(Br)c(C(=N)N)c(Cc4ccccc4)c3ccc(Cc4ccccc4)cc3)c(N)c3)c2)c(O)c1c1cc2c1cccc)|Cc1cc(Br)c(O)c(-c3ccc(Br)c(C(=N)N)cc(Cc3ccccc3)c2ccc(Cc4cccccc4)cc3)ccc43)c3)c2O)c1c1cccc|Cc1cc(Br)c(O)c(-c3cccc(Br)c(C(=N)N)c(Cc3ccccc3)Cc2ccc(-c4ccccc4)c3)ccc3)cccc3)c2)c1c1cccc|Cc1cc(Br)c(O)c(-c3ccc(Br)c(NC(=O)c)cc(Cc4ccccc3)c4cc(Cc4cccccc4)c(N)=N)c3)c2)c(O)c1c1cccc|Cc1cc(Br)c(O)c(-c2[nH]c3c(c(C(=N)N)c4ccc(Cc4ccccc4)ccc(Cc4cccccc4)c3)ccc43)cc2O)c2)c1c1cccc|Cc1cc(Br)c(O)c(-c2[nH]c3c(ccc(C(=N)N)cc(Cc4ccccc3)c4cc(Cc4cccccc4)cc3C(=N)N)c2)cc2)c1c1)ccc|Cc1cc(Br)c(O)c(-c2ccc(Br)c(C(=N)N)cc(Cc4cccccc3)c4cc(Cc4cccccc4)cN)c(N)c3)c2))c1)ccc1cc1c|Cc1cc(Br)c(O)c(-c3ccccc3)c(C(=N)NCccc(Cc4ccccc4)ccc(Cc4cccccc5)c(C(=N)c3)c2O)c2)c1c1cc2c,missing_smiles,False,SketchMolJointDiffusion/outputs/runs/sketchmol_compare_joint_diffusion_seed7/rendered_smiles_images/mol_035898.png,missing_target_image,False,False,,,SketchMolJointDiffusion/outputs/runs/sketchmol_compare_joint_diffusion_seed7/target_images_resized/mol_035898.png,Cc1cc(Br)c(O)c(-c2[nH]c3ccc(C(=N)N)cc3c2Cc2ccccc2)c1,0.0,False,False,0.0,False,False
,,0.0,,True,SketchMolJointDiffusion/outputs/runs/sketchmol_compare_joint_diffusion_seed7/joint_images/mol_021049.png,,,True,False,206.0,1677.4358520507812,40.95651171731769,0.0,0.0,mol_021049,False,CC(C)O)[C@H]1CC(O)CC(S(=O)(=O)N(Cc2ccccc2C(=O)O)N(C)C(=O)CCc2ccccc32)C(=O)c2cccccc1ccccN1)C)CcC2))1|CC(C)O)[C@H]1CCc2ccc(S(=O)(=O)N(Cc2ccccc2C(C(=O)N(C(=O)N2Cc2cccc32)C(=O)c2ccccc2)CCCCC13C)CCcCCCC)O|CC(C)O)[C@H]1CCOcccc(S(=O)(=O)N(Cc2ccccc2C(=O)N2CCC(O(C)c3cccccc23)CCC(=O)c2cccccccC11c)O(C)O)CC2NN|CC(C)C([C@H]1CCOcccc(S(=O)(=O)N(Cc2ccccc2C(C(=O)N(C)C(=O)CCc2ccccc2)C(=O)c2ccccc2)CC1cc1c)CC(CCCC)C|CC(C)O)[C@H]1CCO2ccc(S(=O)(=O)N(Cc2ccccc2C(=O)O)C(CCNC(=O)c2ccccc2)C2C(=O)c1cccccc1c1cc1c)C|CC(C)O)[C@H]1CCOcccc(S(=O)(=O)N(Cc2ccccc2C(C(=O)N(C(C(=O)CCc2ccccc22)C(=O)c2cccccccc11c)c)CO)cCCc)C|CC(C)O)[C@H]1CCO2ccc(S(=O)(=O)N(Cc2ccccc2C(=O)NC(=O)Occ2)C(c2ccccc2O)C(=O)c2cccccc1C1ccCc(CCO)CC))C|CC(C)O)[C@H]1CCOc2cc(S(=O)(=O)N(Cc2ccccc2C(=O)O)C(C)NC(=O)ccccccc3O)C2C(=O)ccccccccc1c11c)C1O,missing_smiles,False,SketchMolJointDiffusion/outputs/runs/sketchmol_compare_joint_diffusion_seed7/rendered_smiles_images/mol_021049.png,missing_target_image,False,False,,,SketchMolJointDiffusion/outputs/runs/sketchmol_compare_joint_diffusion_seed7/target_images_resized/mol_021049.png,CC(C)c1ccccc1COc1ccc(S(=O)(=O)N2C[C@H](O)CC[C@@H]2C(=O)NO)cc1,0.0,False,False,0.0,False,False
,,0.0,,True,SketchMolJointDiffusion/outputs/runs/sketchmol_compare_joint_diffusion_seed7/joint_images/mol_021265.png,,,True,False,207.0,1822.9815673828125,42.69638822409704,0.0,0.0,mol_021265,False,CN(C)c1ccc(C#Cc2ccc(Cl)cc2Cl)c(N(C)C)c2ccc(N(C)c2ccc(N(C#C)c3cccc(Cl)ccc2Cl)cc3Cl)ccc111)))C|CN(C)c1ccc(C#Cc2ccc3ccccc3Cl)c(C(C)C)N(C)c3ccc(C#N)c(Ncc4)c3cccc(Cl)cc3)C)cc2))ccc1c11cc2|CN(C)c1ccc(C#Cc2ccc3ccccc3)cc2)(N(C)CC)c4cc(C#C)cc4)c3cccc(Cl)cc3Cl)c(c#N)cc3Cl)ccc1c11c)2|CN(C)c1ccc(C#Cc2ccc3ccccc2)c(C(C)C)(N(C)c2ccc(Cc3ccc(C#N)c3cccc(Cl)ccc2Cl)cc3Cl)ccc111|CN(C)c1ccc(C#Cc2cccccccc2)c2cc(C(C)(C)C)cc2)c2cccc(C(=O)c2ccc(N)c(N(C)C)cc3Cl)c1cccc|CN(C)c1ccc(C#Cc2ccc3ccccc3)cc(C(C)(C)C)c2)c(Sc3cccc(C(=O)c3cccc(Cl)cc3)Cl)cc2Cl)ccc1111c2O|CN(C)c1ccc(C#Cc2ccc3ccccc3)cc(C(C)C)c2c(N(C)c3cc(c#N)cc2)c3cccc(Cl)cc3)Cl)cc2Cl)c1c1c1ccc(|CN(C)c1ccc(C#Cc2ccc(Sc3ccc(C(C)C)cc4)(C)C)N(Cc4ccc(Cc4ccccc4)cc(Cl)ccc3Cl)cc2)cc)c1c1)ccC,missing_smiles,False,SketchMolJointDiffusion/outputs/runs/sketchmol_compare_joint_diffusion_seed7/rendered_smiles_images/mol_021265.png,missing_target_image,False,False,,,SketchMolJointDiffusion/outputs/runs/sketchmol_compare_joint_diffusion_seed7/target_images_resized/mol_021265.png,CN(C)c1ccc(C#Cc2c(Cl)cccc2Cl)cc1,0.0,False,False,0.0,False,False
,,0.0,,True,SketchMolJointDiffusion/outputs/runs/sketchmol_compare_joint_diffusion_seed7/joint_images/mol_014905.png,,,True,False,223.0,1418.031494140625,37.656758943656115,0.0,0.0,mol_014905,False,Cc1ncc2nc(-c3nccc(Br)c(Br)cc(Br)c(Br)c(C(=O)N(O)c4)c(O)c(O)c(O)=O)c3Br)s2)c(O)c1O)sss111|Cc1ncc2nc(-c3cccc(O)c(O)cc(Br)c(Br)c(C(=O)NC(=O)c4cc(c(O)ccc(Br)cc(O)s3)c2)csO)scss111|Cc1ncc2nc(-c3cccc(3)cc(Br)c(Br)c(Br)c(C(=O)c3cc(O)c(O)c(Br)c(O)c3Br)c2)s(O)=O)s1O)ss11Os|Cc1ncc2nc(-c3ccccc3cc(O)cc(Br)c(Br)c(C(=O)c3cc(O)c4O)c(O)c(O)c(Br)c(O)c3)s2)c1O)ss1sO|Cc1ncc2nc(-c3ccccc3)c(O)cc(Br)c(Br)c(C(=O)N3cc(O)c((Br)c(O)s3)c(Br)c2)C(C)=O)s1O)ss11O1|Cc1ncc2nc(-c3ncc(-c4c(Br)cc(Br)c(Br)c(C(=O)NC(=Oc4ccc(Br)c4)c(O)c4)c(O)c3)s2)s1O)ss11O1|Cc1ncc2nc(-c3ccccc3)c(Br)cc(Br)c(Br)c(C(=O)c3ccc(Br)cc(Br)c(Br)O)(OBr)33)s2)c(O)s1O)ss11)1|Cc1ncc2nc(-c3ccccc3)c(O)cc(Br)c(Br)c(C(=O)c3c(O)c4cc(Br)c3c(O)c(Br)33)s2)c(O)c1O)ss11Os,missing_smiles,False,SketchMolJointDiffusion/outputs/runs/sketchmol_compare_joint_diffusion_seed7/rendered_smiles_images/mol_014905.png,missing_target_image,False,False,,,SketchMolJointDiffusion/outputs/runs/sketchmol_compare_joint_diffusion_seed7/target_images_resized/mol_014905.png,Cc1nnc(NC(=O)c2cc(Br)cc(Br)c2O)s1,0.0,False,False,0.0,False,False
,,0.0,,True,SketchMolJointDiffusion/outputs/runs/sketchmol_compare_joint_diffusion_seed7/joint_images/mol_044907.png,,,True,False,216.0,1650.734619140625,40.629233553448,0.0,0.0,mol_044907,False,Cc1c(OCCN2CCOCC2)cc2c(=O)c(=O)ccc(N3CCN3CCNCCOCCC)ccc4c(=O)N53CC4)c(=O)c2c1c(C=OCcCNccNO(CCN2CCOCCCNCCNCCCCC((C(NCCCCNCCCCCC(CCC|Cc1c(OCCN2CCN(CC2)cc2ccc2nc(O)ccc(N3CCN(CCOCC5)ccc4c4c3c(N5CCOCC3)c(=O)c2c1=O)C1CO1ONoN|Cc1c(OCCN2CCN(C2)cc2c(=O)c2coc3cc(N3CCN3CCOCCOCC4)cc4c4c(N5CCOCC3)c(=O)c2c1=O)c1CCOOcc(O(NCN2CC|Cc1c(OCCN2CCN(C2)ccc2c(=O)cc2)c3c(N4CCN(CCOCC5)cccccc4c(CN5CCOCC3)c(=O)c2c13)C2cOoNOcNC)((4N2CC|Cc1c(OCCN2CCN(C2)ccc2c(=O)c(O)ccc(N3CCN3CCOCCCC)cc4c(=O)cCN3COCC3)c(=O)oc2c1c3c==3(OcNN|Cc1c(OCCN2CCN(CC)CC2)cc2)cc(Oc3cc(N3CCN4CCOCC5)ccc4oc(c)c(N3COCC4)c(=O)occ3cc121cc=c12O|Cc1c(OCCN2CCN(CC)CC2)cc2cc(=O)c3c(N4CCN(CCOCC5)ccc4c(N)cCN5CCOCC3)c(=O)c2c1=O)c1C3COc=NCccNN2CC3CCCNCCCC(C(CCcO(NOcCCC(CCCCC(CCC|Cc1c(OCCN2CCN(C2)ccc2c(=O)c(=O)cc(N3CCN(CCOCCCO5)ccc4c(=O)N3cCN3CC3)c(=O)c12)ccc2o1ccOC,missing_smiles,False,SketchMolJointDiffusion/outputs/runs/sketchmol_compare_joint_diffusion_seed7/rendered_smiles_images/mol_044907.png,missing_target_image,False,False,,,SketchMolJointDiffusion/outputs/runs/sketchmol_compare_joint_diffusion_seed7/target_images_resized/mol_044907.png,Cc1c(OCCN2CCNCC2)ccc2c(=O)cc(N3CCOCC3)oc12,0.0,False,False,0.0,False,False
,,0.0,,True,SketchMolJointDiffusion/outputs/runs/sketchmol_compare_joint_diffusion_seed7/joint_images/mol_015435.png,,,True,False,243.0,2298.1692504882812,47.93922455034375,0.0,0.0,mol_015435,False,Oc1nc2nc(Cl)c3ccc(Cc4c(O)c4c(O)c4cccccc5)c6c(O)c6nc5ccccc45)ccc45)ccc34)nc(O)nc211141|Oc1nc2nc(Cl)c3cccccc4c(O)c4c(O)c5ccccc5c6ccc6c)c(O)c6cccc55)c4c5ccccc34)nc(O)n1211cn|Oc1nc2nc(Cl)Cl)c3c4nc4c(c(O)c4c(c5cccccc5)c)c6)nc(Oc6ccccc45)c4c5ccccc44)nc33)no211o1[C@@H]|Oc1nc2nc(Cl)c3ccc4c(ccnc3c4c(O)c4)cccccc5c6cc(O)c6nc5ccccc5O4)c(O)ccc34)nc(O)n1211ns|Oc1nc2nc(Cl)c3cccccc4c(nc)cc(O)c5cc4cccc6c5c6nc(c)nc5ccccc5O4)nc34)cc=4)ocnc3n1211111|Oc1nc2nc(Cl)c3ccc4c(nc3c4c(O)c5cccccc5ncnc6c(O)c6O)c6ccccc55)c44)ccc4O4)cc(O)n1212nc|Oc1nc2nc(Cl)c3ccc4c(ccnc4c(c5cnc5ccccc5ccccc65)c(O)c6ccccc5O4)c5)cccc34)oc33)nc211n11|Oc1nc2nc(Cl)c3ccc4c(O)nc4c(O)ccc5ccccc5n6ccc6O)c5nc5ccccc45)c4c45)ccc34)nc(O)nc2111c1,missing_smiles,False,SketchMolJointDiffusion/outputs/runs/sketchmol_compare_joint_diffusion_seed7/rendered_smiles_images/mol_015435.png,missing_target_image,False,False,,,SketchMolJointDiffusion/outputs/runs/sketchmol_compare_joint_diffusion_seed7/target_images_resized/mol_015435.png,Oc1nc2cc(Cl)c3cccnc3c2o1,0.0,False,False,0.0,False,False
,,0.0,,True,SketchMolJointDiffusion/outputs/runs/sketchmol_compare_joint_diffusion_seed7/joint_images/mol_048772.png,,,True,False,199.0,2127.6415405273438,46.12636491777066,0.0,0.0,mol_048772,False,CCN(CC)C(C(=O)c1ccccc1C(=O)N(c2ccccc2)c2ccc(OC)cc2)c2ccc(OC)cc1)c1cc(OC)cc1)CCCCCC)C1CcCcOcOO|CCN(CC)C(C(=O)c1ccccc1OC(=O)OC)C(OC)c2ccccc2)c2cc(-c2ccccc2)c(OC)cc(OC)c(OC)c1OCC1111|CCN(CC)C(C(=O)c1ccccc1O(=O)N(C)C)C(=O)c2ccc(cCc2ccccc2ccc(OC)c(OC)cc(OC)cc1)C)cc11Ccc1c|CCN(CC)C(C(=O)c1ccccc1C(=O)NC(=O)C(=O)c2ccc(cC)ccccc2)c2ccc(OC)c1ccc(OC)cc1)C)CCCC1(Cc(1cOc))|CCN(CC)C(C(=O)c1cccccc1OC(=O)c2ccccc2)c2ccccc2)C(OC)c2ccccc2)c1OC)C(OC)NC(=O)cNCCCCO|CCN(CC)C(C(=O)c1cccccc1OC)C(=O)c2cccccc2ccc(OC)cc2)c2ccccc2)cc(OC)cc(OC)cc1)C(=CCCCN|CCN(CC)C(C(=O)c1cccccc1OC(=O)N(c(OC)c2ccccc2C(c2ccccc2cccc2)cc(OC)cc(OC)cc1)C)CCC)O(C1cCcOc))|CCN(CC)C(C(=O)c1ccccc1O(=O)N(C)C)ccc2)c2ccccc2)Oc2cccccc2c2ccc(OC)cc(OC)cc1)C)=C=COC1ccCcOc,missing_smiles,False,SketchMolJointDiffusion/outputs/runs/sketchmol_compare_joint_diffusion_seed7/rendered_smiles_images/mol_048772.png,missing_target_image,False,False,,,SketchMolJointDiffusion/outputs/runs/sketchmol_compare_joint_diffusion_seed7/target_images_resized/mol_048772.png,CCN(CC)C(=O)c1ccccc1C(=O)C(=O)c1ccc(OC)cc1,0.0,False,False,0.0,False,False
,,0.0,,True,SketchMolJointDiffusion/outputs/runs/sketchmol_compare_joint_diffusion_seed7/joint_images/mol_011787.png,,,True,False,204.0,2243.4677734375,47.365259140402685,0.0,0.0,mol_011787,False,COc1cccc(CNC(=O)N2C(F)(F)F)cc)43)C(=O)NCC=O)CCN4CCCC4Cccccc4[nH]4)C(C)C3CCC2)c2c1)c1c11c23|COc1cccc(CNC(=O)N3C(CC(=O)C(C(=O)N(CC=O))CN4CCN4CCCc4ccccc4OC)C4)C2)cc(OC)c2c1)c1c11c3O|COc1cccc(CNC(=O)N2C(=O)CN4C(C(C)(C(=O)N4CCN4CCN4CCCC(Cc4ccccc4)O)C2)cc(OC)c2c1)c1c1)c3)|COc1cccc(CNC(=O)N2C(=O)CN4C(C)(C)C()O)N4)CC4CCN4CCC(OCccccc(OC)c3C(=O)CC)cc2c2)c1c1c)2C|COc1cccc(CNC(=O)N3C(=O)CN(C(F)(F)F)cc)OC(4O)CCN4CCC(Cc4ccccc4)CC3C(=O)C3)cc2)c)c1c1cc22|COc1cccc(CNC(=O)N3C(=O)CN(C(F)(F)F)cc4)N4C(CCCN4CCCCc4ccccc4)CC3)C2)cc(OC)c2c1)c111ccCO|COc1cccc(CNC(=O)N2C(=O)C3CC(C(C)(F)F)N(CCN3CCCN4CCC(Cc4ccccc4)C3)C2)cc(OC)c2c1)c1c1)cc|COc1cccc(CNC(=O)N3C(=O)CN(C(F)(F)F)cc4)N4CC4CCN4CCCCc4ccccc4OC)C3CO)cc(OC)c2c1)c1c1))2c,missing_smiles,False,SketchMolJointDiffusion/outputs/runs/sketchmol_compare_joint_diffusion_seed7/rendered_smiles_images/mol_011787.png,missing_target_image,False,False,,,SketchMolJointDiffusion/outputs/runs/sketchmol_compare_joint_diffusion_seed7/target_images_resized/mol_011787.png,COc1ccc2[nH]c(C(=O)N3CC(=O)N(Cc4cccc(OC(F)F)c4)[C@@H](CN4C5CCCC4CCC5)C3)cc2c1,0.0,False,False,0.0,False,False
,,0.0,,True,SketchMolJointDiffusion/outputs/runs/sketchmol_compare_joint_diffusion_seed7/joint_images/mol_025202.png,,,True,False,197.0,1891.3475952148438,43.48962629426521,0.0,0.0,mol_025202,False,CC1CCC(C(=O)c2ccc2)c3ccccc3(=O)O(NC(C(=O)O)c4cccccc(C(=O)OO)c4ccc(C(C)C)ccnnc2)N211nCc)n)|CC1CCC(=()c2ccccc2)c2cccc(C(=O)O)c((C(=O)O)=O)c4ccccc4)C(=O)NC)c3C(=O)N1cncnc2)n111nccNnC|CC1CCC(C(=O)c2ccc2)c2cccc(C(=O)O)c(N(=O))(=O)c3ccccc4)C(=O)NC1CCNC((O)c2ccccn22n111nC)Nnc|CC1CCC(=O)c2c2ccc2)c3cccc(C(=O)O)c((C(=O)O)c4ccccc4)cc3C(=O)O)C3CC(=O)c2ccccc2)n111n12Nn|CC1CCC(=O)NCc2ccc()c3ccccc3)cc(C(=O)O)c4ccccc4)c(NC(=O)C(OO)N3CCC(C(=O)O2cccc22C111n)2Nnn(Nnn))|CC1CCC(C(=O)c2ccc2)c2cccc(C(=O)O(=O)C(=O)O)c4cccccC(=O)O)c3ccccc3C(=O)c2ccccc22n1111)2Nn(|CC1CCC(C(=O)c2ccc2)c3cccc(C(=O)O)cO)C(=O)O)c(=O)N2C(=O)C(=O)N2C1C(=O)Nc1)ccccc2n111nc2(nc|CC1CCC(=O)c2ccccc2)c2cccc(C(=O)C(=O)O(C(=O)O)c4ccccc4)c(nc3C(=C)c(C(=O)O)ccnc2)n1112,missing_smiles,False,SketchMolJointDiffusion/outputs/runs/sketchmol_compare_joint_diffusion_seed7/rendered_smiles_images/mol_025202.png,missing_target_image,False,False,,,SketchMolJointDiffusion/outputs/runs/sketchmol_compare_joint_diffusion_seed7/target_images_resized/mol_025202.png,CC1CCC(C(=O)Nc2ccccc2)c2ncc(C(=O)O)c(=O)n21,0.0,False,False,0.0,False,False
,,0.0,,True,SketchMolJointDiffusion/outputs/runs/sketchmol_compare_joint_diffusion_seed7/joint_images/mol_048947.png,,,True,False,203.0,1793.2560424804688,42.34685398563238,0.0,0.0,mol_048947,False,NS(=O)(=O)c1ccc(C(=O)NC(=O)(=O)NCC(=O)NC(=O)C(Cc2cccc1)NC(=O)c1ccccc1)c1cccccccc111c)cCCC|NS(=O)(=O)c1ccc(C(=O)NC(=O)C(=O)NC(=O)NC(=O)C(=O)OC(=OCOC(=O)c2ccccc2)c1cccccccc111)))Ccc|NS(=O)(=O)c1ccc(C(=O)NC(=O)(=O)NCC(=O)NC(=O)C=C(=O)NC(=O)NCCCc2ccccc2)c1cccccccc11ccc1OcO|NS(=O)(=O)c1ccc(C(=O)NC(=O)(=O)NCC(=O)NC(=O)C(=O)OC(=O)CCc2ccccc2C(=O)c1cccccccc1111c)CcC|NS(=O)(=O)c1ccc(C(=O)NC(=O)(=O)NCC(=O)NC(=O)C(OCc2cccc2NC(=O)c2ccccc2)c1cccccccc111c))CcC|NS(=O)(=O)c1ccc(C(=O)NC(=O)[C@H](CCCNC(=O)NC(=O)Cc2ccccc2)NC(=OCO2ccccc2C(=O)c1ccccc111NCNCcC|NS(=O)(=O)c1ccc(C(=O)NC(=O)N[C@@H]OCC(=O)NCNC(=O)CCc2ccccc1)NC(=O)c2ccccc2)c1cccccccc1111C)CCC|NS(=O)(=O)c1ccc(C(=O)NC(=O)(=O)NCC(=O)NC(=O)C(Cc2cccc2)NC(=OCc2ccccc2)c1cccccccc111c,missing_smiles,False,SketchMolJointDiffusion/outputs/runs/sketchmol_compare_joint_diffusion_seed7/rendered_smiles_images/mol_048947.png,missing_target_image,False,False,,,SketchMolJointDiffusion/outputs/runs/sketchmol_compare_joint_diffusion_seed7/target_images_resized/mol_048947.png,NS(=O)(=O)c1ccc(C(=O)N[C@H](Cc2ccccc2)C(=O)NCC(=O)NCC(=O)OCc2ccccc2)cc1,0.0,False,False,0.0,False,False
,,0.0,,True,SketchMolJointDiffusion/outputs/runs/sketchmol_compare_joint_diffusion_seed7/joint_images/mol_013824.png,,,True,False,209.0,1599.993408203125,39.9999176024542,0.0,0.0,mol_013824,False,CC(C)C(N)C(N)C(=O)O)C(N)=O)C(=O)O)C(C(=O)OC(C)(C)C)c1ccccc12)C(C(C)=O)C(C)(C)))CONCNC)C|CC(C)C(NC(N)=O)C(=O)NC(N)C)C(=O)O)C(=O)O)C(C)(C)(C)c1ccccc1OC)C(C(=O)C(CC((C)CCC)NC)))OOCC|CC(C)C(N)CC(=O)N(C)N)C(=O)OCC(C(C(=O)O)C((C(C)(C)C)c1cccc2)C(=O)CCC(CC(C)C(C)CCNONCN)O)|CC(C)C(N)(C(=O)C(N)NC((C)N)C(=O)O)C(=O)O)C(=)(C)CC)c1ccccc1)CC(C(C(=O)CC(C)C(C)OCNCOC)O|CC(C)C(N)(C(=O)N(C)N)C(=O)OCC(C(C(=O)O)N((C)(CCC)C)c1ccccc1cc21)C(=O)C(C)(CC(C))CNCOO)C|CC(C)C(N)CC(=O)O)C(NC(=))O(CC(C)C)C(=O)OC(C)(C)C(()C)c1ccc1cccc1)C(=O)CCC(N)(C)CONCC)C/OCCCCO)O|CC(C)C(N)CC(=O)O)C(N)C)C(=O)C(C(N)=O)C(N)(C)C)O)C((C)C)c1ccccc1)NC(=O)CCC)(C)C(=OCCOCON|CC(C)C(N)C(N)C)C(N)N)C(C(=O)C(C)C(=O)O)NC(C)(C)O)COc1ccccc1)C(C(C(=O)O)C(C(C)CCOCCC)=OO,missing_smiles,False,SketchMolJointDiffusion/outputs/runs/sketchmol_compare_joint_diffusion_seed7/rendered_smiles_images/mol_013824.png,missing_target_image,False,False,,,SketchMolJointDiffusion/outputs/runs/sketchmol_compare_joint_diffusion_seed7/target_images_resized/mol_013824.png,CC(CC(=O)O)N=C(N)N,0.0,False,False,0.0,False,False
,,0.0,,True,SketchMolJointDiffusion/outputs/runs/sketchmol_compare_joint_diffusion_seed7/joint_images/mol_034471.png,,,True,False,235.0,1929.6323852539062,43.9275811450381,0.0,0.0,mol_034471,False,CN(C)c1nc(C(F)(F)F)nc2c1ncn2Cc1ccccc1C(2c(ccc2C)((O)(=O)c2ccccc2C1Cc1ccc(Clcccc2N1111|CN(C)c(nc(C(F)(F)F)nc2c1ncn2Cc1ccccc1C(2ccccc2C)((=O)CC2c3F)ccccccc32)c1cccccc121)11C12|CN(C)c(nc(C(F)(F)F)nc2c1ncn2Cc1ccccc2Oc2ccccc2F)((C)c2cnc3c2ccc(Cl)c22)c1ccccccc11Cl111c1|CN(C)c1nc(C(F)(F)F)nc2c1ncn2Cc1ccccc1C(=O)(C)ncnc2N1C(c2Cl)c1c2ccccc23)c1ccccc2c1c111Clc1|CN(C)c(nc(C(F)(F)F)nc2c1ncn2Cc1ccc(c2nc3ccccc3n2C(=O)CCN2Cc2ccc(Cl)cc1)c1ccccc2Cl1c111|CN(C)c(nc(C(F)(F)F)nc2c1ncn2Cc1ccccc1)c2ccccc2cccc2C(=O)c2ccccc2Cc2ccccc2Cl)cccc11111|CN(C)c(nc(C(F)(F)F)nc2c1ncn2Cc1ccccc1)c2ccccc2C(=O)(=O)N2Cc2cccc(Cl)c2)c1ccccccc1c1111C1|CN(C)c(nc(C(F)(F)F)nc2c1ncn2Cc1ccccc1C(=O)c2cnccc2C(c2ccccc2)c2cccc22)c1ccccc2Cl1c111,missing_smiles,False,SketchMolJointDiffusion/outputs/runs/sketchmol_compare_joint_diffusion_seed7/rendered_smiles_images/mol_034471.png,missing_target_image,False,False,,,SketchMolJointDiffusion/outputs/runs/sketchmol_compare_joint_diffusion_seed7/target_images_resized/mol_034471.png,CN(C)c1nc(C(F)(F)F)nc2c1ncn2Cc1ccccc1Cl,0.0,False,False,0.0,False,False
,,0.0,,True,SketchMolJointDiffusion/outputs/runs/sketchmol_compare_joint_diffusion_seed7/joint_images/mol_007574.png,,,True,False,216.0,1665.3991088867188,40.80930174466011,0.0,0.0,mol_007574,False,CC(NC(=O)OC2C3=C(c4ccc(F)cc4)C4C(=O)C5CC4CC[C@]4(C)C[C@]4(C)C(=O)C(=O)CC[C@]4(C)[C@]3(C)[C@@]121CCC)C)CCCCCCC|CC(NC(=O)OC2=C(c4ccc(F)cc4F)C[C@@H]4C(=O)C5CC[C@]4(C)CCC[C@]44)[C@]4(C(C)C(=O)CC[C@]3(C)C1(C)(C)421C)CCO)CCCCC|CC(NC(=O)OC2C3=CCc4cc(F)cc4)cc5C(=O)CC[C@]4(C(C)CCC[C@]44)CC[C@]4(C)C(=O)CC[C@]4(C)C3(O)CC2C1C1CCOC1CCCCC|CC(NC(=O)OC2=C(c4cccc(F)cc4)C[C@@H]4C(=O)CC[C@]4(C)C(C)CC[C@]4(C)C(=O)C(=O)CC[C@]3(C)C3(C)CC211CC)CCC4CCCCC|C[C@]1(C(=O)OC2C3(Cc4ccc(F)cc4)C=CC(=O)C5CC[C@]4(C)CCC[C@]44(C)C(OC)C4=O)CC[C@]4(C)CCCC2(C)11)C)C1CCCCCCC|CC1(C(=O)OC2C3(Cccccc(F)cc4)C=CC(=O)C5CC4CC[C@]4(C)C[C@@]4(C)[C@@]4(C)C(=O)CC[C@]4(C)C3CC2(C)111C)C)CC4C3CC|CC(NC(=O)OC2C(c4c4ccc(F)ccc4)C5C(=O)C5CC[C@]4(C)C5CC[C@@]4(C)C(OC(=O)C[C@]4(C)C3CC(CC12CC3C)1)C121CCCCC|CC(NC(=O)OC2C3=CCc4ccc(F)cc4)[C@@H]1C(=O)C5CC4C(C)(C)C34C[C@](C)((OC(=O)CC[C@]4(C)C3CC2(C)11CC3C)4CCCCCC,missing_smiles,False,SketchMolJointDiffusion/outputs/runs/sketchmol_compare_joint_diffusion_seed7/rendered_smiles_images/mol_007574.png,missing_target_image,False,False,,,SketchMolJointDiffusion/outputs/runs/sketchmol_compare_joint_diffusion_seed7/target_images_resized/mol_007574.png,CC(=O)[C@@]12OC(C)(c3c(F)c(F)c(F)c(F)c3F)O[C@@H]1CC1C3CCC4=CC(=O)CC[C@]4(C)C3CC[C@@]12C,0.0,False,False,0.0,False,False
,,0.0,,True,SketchMolJointDiffusion/outputs/runs/sketchmol_compare_joint_diffusion_seed7/joint_images/mol_031253.png,,,True,False,227.0,1225.935302734375,35.01335891819542,0.0,0.0,mol_031253,False,CNC(=O)[C@@]12C[C@@H]1[C@@H](n1cnc3c(N[C@H]4C[C@H]4c4ccc(F)cc4)ncn(C#Cc4ccccc4)nc34)[C@H](O)[C@H](O)[C@H]1[C@@H]2O)[C@@H](O2OO11O22|CNC(=O)[C@@]12C[C@@H]1[C@@H](n1cnc3c(N[C@H]4C[C@H]4c4ccc(F)cc4)nc4nc(C#Cc4ccccc4)nc3)[C@H]1C[C@H](O)[C@H](O)[C@H](O)[C@@H]2O1)OO21|CNC(=O)[C@@]12C[C@@H]1[C@@H](n1cnc3c(N[C@H]4C[C@H]4c4ccc(F)cc4)nc(C#Cc4ccccc4)nc3)[C@H](O)[C@H](O)[C@H](O)[C@@H](O)[C@@H](O2O11O[C@@H]1211(|CNC(=O)[C@@]12C[C@@H]1[C@@H](n1cnc3c(N[C@H]4C[C@H]4c4ccc(F)cc4)ncnc(C#Cc4ccccc4)nn3)[C@H](O)[C@H](O)[C@H](O)O)[C@@H](O2OO11O2111112O|CNC(=O)[C@@]12C[C@@H]1[C@@H](n1cnc3c(N[C@H]4C[C@H]4c4ccc(F)cc4)nc(C#Cc4cccccc4)ncnc31)[C@H](O)[C@H]2O)[C@@H](O)[C@@H](O1O(1)C111((1(O|CNC(=O)[C@@]12C[C@@H]1[C@@H](n1cnc3c(N[C@H]4C[C@H]4c4ccc(F)cc4)nc(C#Cc4ccccc4)nc3)[C@H](O)[C@H](O)[C@H](O)[C@@H](O)[C@@H](O1O112O11|CNC(=O)[C@@]12C[C@@H]1[C@@H](n1cnc3c(N[C@H]4C[C@H]4c4ccc(F)cc4)n4)n(C#Ccccccc4)nc3)n1)[C@H](O)[C@H](O)[C@@H](O)[C@@H](O2O211O11|CNC(=O)[C@@]12C[C@@H]1[C@@H](n1cnc3c(N[C@@H]4C[C@H]4c4ccc(F)cc4)nc4nc(C#Cc4ccccc4)nc3)C[C@H](O)[C@H](O)[C@@H](O)[C@@H](O1O211O11,missing_smiles,False,SketchMolJointDiffusion/outputs/runs/sketchmol_compare_joint_diffusion_seed7/rendered_smiles_images/mol_031253.png,missing_target_image,False,False,,,SketchMolJointDiffusion/outputs/runs/sketchmol_compare_joint_diffusion_seed7/target_images_resized/mol_031253.png,CNC(=O)[C@@]12C[C@@H]1[C@@H](n1cnc3c(N[C@H]4C[C@@H]4c4ccc(F)c(F)c4)nc(C#Cc4ccccn4)nc31)[C@H](O)[C@@H]2O,0.0,False,False,0.0,False,False
,,0.0,,True,SketchMolJointDiffusion/outputs/runs/sketchmol_compare_joint_diffusion_seed7/joint_images/mol_025713.png,,,True,False,248.0,2166.7160034179688,46.54799677126792,0.0,0.0,mol_025713,False,O=C1C(c2c(O)c(C(=O)c3c(cccO)C(=O)NN4C(=O)C4=CN1C(=O)c4ccc6ccccc4)CCC4)ccccccc313444c4C3|O=C1c2ccc(O)c(C(=O)c3c(OC(=O)N(O)CN4C(=O)N4CCN4C)C(=O)c4ccccc4c3CCCCC4)cccccc41c1c1442N|O=C1C(c2c(O)c(c(N2c(O)N3C(=O)C(OO)N4C(=O)c4cccccccc=O)c4ccccc4c3)C2=O)c4ccccc413144cc53|O=C1C(OC(=O)c(C(=O)c2c(O)c(O)c(O)cc4C(=O)ccccccc4C(=O)c4ccccc4c3CCCC4)ccccccc413414211=|O=C1C(c2c(O)c(C(=O)c3c(O)c(O)C(=O)N4C(=O)C(=C)N6COc6cccc6cccccccc4C444)ccccccc331341c34|O=C1C(c2c(O)c(C(=O)c3c(O)c(O)c(O)N4CC(=O)C(=O)NCCCC6c4ccccccc4c43)CC4)cccccccc1c1213c3=|O=C1C(c2c(O)c(C(=O)c3c(O)c(O)c(=O)N4C(=O)C4=CCN6ccccc4c4ccccc4C3)CCC4)ccccccc414121c43C|O=C1C(c2c(O)c(C(=O)c3c(O)c(O)C(OO)N4CCN(c4ccccccccC6c4cccccccc44)C3=O)c4ccccc413224c133,missing_smiles,False,SketchMolJointDiffusion/outputs/runs/sketchmol_compare_joint_diffusion_seed7/rendered_smiles_images/mol_025713.png,missing_target_image,False,False,,,SketchMolJointDiffusion/outputs/runs/sketchmol_compare_joint_diffusion_seed7/target_images_resized/mol_025713.png,O=C1C(N2CC2)=CC(=O)c2c(O)cccc21,0.0,False,False,0.0,False,False
,,0.0,,True,SketchMolJointDiffusion/outputs/runs/sketchmol_compare_joint_diffusion_seed7/joint_images/mol_006840.png,,,True,False,225.0,1915.9242553710938,43.77127203281958,0.0,0.0,mol_006840,False,Cc1cnc(CC=O)C(CCC(=O)O)[C@H]1C(=O)O)C(=O)C(C)(O)C)C(nc12)[C@H]1N)C(=O)O)C(=O)C(C)=(OO)O)OOO)(CC|Cc1onc(C(=O)O)c1C(C(=O)O)[C@H][C@H]1C(=O)O)C1(C(C)C)nnc22)C(=O)O)C(=O)C(C)(C)C(C)=O=O)O=O)OO))C|Cc1cnc(C(=O)C(CCC(=O)O)C1CC(C(=O)O)C1CC(C)C)C(C)(C)2)[C@H]12)C(=O)O)C(=O)C(C)=O)OOO)O)O)))OOOOOOO)O|Cc1onc(C(=O)C(CCC(=O)O)CC(C)C(=O)O)[C@H]1C(=)(O)C(CO=O)O2C(=O)O)[C@H]1C(CO)O)C(C)=OOO)O))1NN))C)))OOO))|Cc1cnc(CCc1nc(CCC(=O)O)c1C(C(=O)O)[C@H](C(=O)O)O)C(C)=O)CC2C(=O)[C@H]1C(=O)O)C(C)C(=O)O)C(OO))O|Cc1onc(C(=O)C(CCC(=O)O)c1C[C@H](C)C(=O)O)C(C(=O)O)[C@H]1C(=O)O)C(C(=O)C(C((O)C(C)=OOO)()O)))))1OO)OOO))|Cc1cnc(C(=O)C(CCC(=O)O)[C@H]1C(=O)O)C(C(=O)O)ccnc2C(=O)O)C(=O)O)[C@H]1C(=O)O)C(C)C(OO)O(C1C)))C))COOO))|Cc1onc(C(=O)C(CCC(=O)O)C1C[C@H](C(=O)O)C(=))O)O)CC[C@H]2C(=O)O)C(C(=O)C(C)(C)C)C(=O)O)(1O)))))O)))OOO)C,missing_smiles,False,SketchMolJointDiffusion/outputs/runs/sketchmol_compare_joint_diffusion_seed7/rendered_smiles_images/mol_006840.png,missing_target_image,False,False,,,SketchMolJointDiffusion/outputs/runs/sketchmol_compare_joint_diffusion_seed7/target_images_resized/mol_006840.png,Cc1onc(C(=O)O)c1CC(N)C(=O)O,0.0,False,False,0.0,False,False
,,0.0,,True,SketchMolJointDiffusion/outputs/runs/sketchmol_compare_joint_diffusion_seed7/joint_images/mol_000756.png,,,True,False,222.0,2619.5518188476562,51.181557409360416,0.0,0.0,mol_000756,False,CC(=O)/CNC(=O)N(c2ccccccc))n1)c1ccc(c1ccccc1)C(=O)c1ccc(-c2ccccc2)C(-c1ccccc))(=Ccc|CC(=O)/C=C(c2cc(-c2ccccc2)n1)C(=O)C(c1ccccc1)C(=O)c1ccc(-c2ccccc2)C(C)=O)c1ccccncc1nc1ccccc1n)c|CC(=O)/CNC(=O)N(c2ccccccc)nc1)c1c(C(c1ccccc1))N(C)c1ccc(-c2ccccc2)C(=O)OCcc1)C(()c((11cnc(|CC(=O)/CNC(=O)SCc2ccccccc2)n1)c1c(C(c1ccccc1)C(=O)c1ccc(-c2ccccc2)c1-c1cccc1)C(nc)c|CC(=O)/CNC(=O)CSc2cccccc2))n1)c1c(C(c1ccccc1)C(=O)c1ccc(-c2ccc2)cc1-c1ccccc2)c1)nc1|CC(=O)/CNC(=O)NSc2cccccc2)C(O)C(C)C(c1ccccc1)C(=O)c1ccc(-c2cccccc2)c1cccccc1)N((Oc(c1|CC(=O)/C=C(c2cc(-c2ccccc2)C(C)C(C)C(c1ccccc1)C(=O)c1c(cc2ccccc2)c1-c1ccccc1)C(N)c11|CC(=O)/CNC(=O)C(c2ccccccc)C(C)c1O)C(c1ccccc12)nc1-c1ccc(-c2ccc)cc1)-12ccccc2)c()nc1,missing_smiles,False,SketchMolJointDiffusion/outputs/runs/sketchmol_compare_joint_diffusion_seed7/rendered_smiles_images/mol_000756.png,missing_target_image,False,False,,,SketchMolJointDiffusion/outputs/runs/sketchmol_compare_joint_diffusion_seed7/target_images_resized/mol_000756.png,CC(=O)CSc1cnnn1-c1ccccc1,0.0,False,False,0.0,False,False
,,0.0,,True,SketchMolJointDiffusion/outputs/runs/sketchmol_compare_joint_diffusion_seed7/joint_images/mol_044717.png,,,True,False,227.0,1680.5245361328125,40.99420125008917,0.0,0.0,mol_044717,False,O=S(=O)(=C(c1ccccc1)(=O)NCCccc(Cl)c3)c12)C(O)c2ccc(OCc3cccccccc)Cc2)[nH]cn2)c(Cl)cc1cc11|O=C(=O)(=C)c1ccc(Cl)cc1)NC(=O)NCC2ccc[nH]cn2)C()c2ccc(OCc3ccc(Cl)cc23)c(Cl)c2)cc(Cl)c1ccc1|O=S(=O)(=C)c1ccc(Cl)cc1)NCCCc2c[nH]cnn2)cc1)c1ccc(Cc3c[nH]cn3)CCCc3ccc(Cl)cc2)c1cc(Cl)c1ccc1|O=C(=O)(=C\c1ccc(Cl)cc1)NC(=O)CCC2cc[nH]cn1)C(=O)c2ccc(Cc3ccc(Cl)c2)Cc2c[nH]cn2)c(Cl)cc1ccc1|O=S(=O)(=C)c1ccc(Cl)cc1)NCCCc2cc[nH]cn2)cn1)c1ccc(CcNC(=O)CCCc3cccc(Cl)cc3)O)c(Cl)cc1ccc1|O=C(=O)(=C)c1ccc(Cl)cc1)NC(=O)(CO)NCCCc1c[nH]cc2cnc(OCc3ccccn3)c3ccc(Cl)cc2)c(Cl)ccc1cc11|O=C(=O)(NC(c1ccc(Cl)cc1)NCc2ccc(Cl)cc2)cc1)[nH]1ncn((n2cC(=O)NCc3cccc(Cl)cc3)c(Cl))cc)c1)1|O=C(=O)(NCCc1ccc(Cl)c(Cl)cc2)(=O)NCCCCc1ccc(=O)c2cnc(Cc3ccccc3)cc2)c(Cl)c2)cc(Cl)c1cc)1,missing_smiles,False,SketchMolJointDiffusion/outputs/runs/sketchmol_compare_joint_diffusion_seed7/rendered_smiles_images/mol_044717.png,missing_target_image,False,False,,,SketchMolJointDiffusion/outputs/runs/sketchmol_compare_joint_diffusion_seed7/target_images_resized/mol_044717.png,O=S(=O)(NCCc1c[nH]cn1)c1ccc(Cl)cc1,0.0,False,False,0.0,False,False
,,0.0,,True,SketchMolJointDiffusion/outputs/runs/sketchmol_compare_joint_diffusion_seed7/joint_images/mol_042953.png,,,True,False,232.0,1954.8826904296875,44.214055349285566,0.0,0.0,mol_042953,False,COc1cccc(CN(C(=O)C(Cc2cccc(C(=N)N)c2)NS(=O)(=O)N2CCN(C(=O)OCCCC2))c(OC)c(OC)cccc1111O2C)C|COc1cccc(CN(C(=O)C(Cc2cccc(C(=N)N)c2)N((=O)(=O)N2CCN(C(C)=O)cc(OC)c(OC)c(OC)c2)c1C1121CO1cCO1)C|COc1cccc(CN(C(=O)C(Cc2cccc(C(=N)N)c2)NS(=O)(=O)N2CCN(C(CO)N3OCCCC)cc2OC)COC(=O)c1=11))C)C(CC1))|COc1cccc(CN(C(=O)C(Cc2cccc(C(=N)N)c2)NS(=O)(=O)N2CCN(C(C)())CCCC3)cc2C)c(OC)ccO1c(11C(C)(cO21))|COc1cccc(CN(C(=O)C(Cc2cccc(C(=N)N)c2)N((=O)(=O)N2CCN(C(=O)OCCCC3)cc2O)cc(OC)c2)c1111cCC1C(CN1))|COc1cccc(CN(C(=O)C(Cc2cccc(C(=N)N)c2)N((=O)(=O)N2CCN(C(N)=O)c2OC)cc(OC)c(OCCC2)c1c11C(C))2(CC)C|COc1cccc(CN(C(=O)C(Cc2cccc(C(=N)N)c2)NS(=O)(=O)N2CCN(C(=O)OC)c(OC)cc2C)c(OC)cc2c111OC)C|COc1cccc(CN(C(=O)C(Cc2cccc(C(=N)N)c2)NS(=O)(=O)N2CCN(C(=O)c2cc(OC)c(OC)c(OC)c2Cc1111C)CC)cCC1)C,missing_smiles,False,SketchMolJointDiffusion/outputs/runs/sketchmol_compare_joint_diffusion_seed7/rendered_smiles_images/mol_042953.png,missing_target_image,False,False,,,SketchMolJointDiffusion/outputs/runs/sketchmol_compare_joint_diffusion_seed7/target_images_resized/mol_042953.png,COc1ccc(CNS(=O)(=O)NC(Cc2cccc(C(=N)N)c2)C(=O)N2CCN(C(C)=O)CC2)c(OC)c1,0.0,False,False,0.0,False,False
,,0.0,,True,SketchMolJointDiffusion/outputs/runs/sketchmol_compare_joint_diffusion_seed7/joint_images/mol_012606.png,,,True,False,206.0,1475.4443359375,38.411513064932755,0.0,0.0,mol_012606,False,COC(=O)c1ccc((SC(Cc3ccc(Cl))c4)ccNc4nc5cccc(Cl)cc45)n[nH]c4cnc(Cl)c)n2)C(=O)C(C)C)(C)CCC11CN1C(1()1((|COC(=O)c1ccc(CSc2ccc3ccc(Cl)cc(NC(=O)NCc4nc(Cl)cc4nc3nc4ccccc43)n2)C(=O)C(C)C)(CC1CC1)1)O((CCcCc(|COC(=O)c1ccc(CS(=O)c3cc(Cl))c4ccccc4)nc4ncc(Cl)c4nO)nc4ccccc4[nH]3)n2)C(=O)C(C)C)(C(1CC1)C(OC(=CC24c|COC(=O)c1ccc(CSc2ccc3NC(=O)c4ccccc4)3)ncc(NC(=O)C(Oc4cccc4Cl))cn3)C(=O)Cc(Cl)c22)CC111C(1C1NCCCCN|COC(=O)c1ccc(CSCc2cc(NC(=O)c4ccccn4)c(Cl)cc(Cl)c4)c(Oc4cccc(Cl)c5n2)C(=O)C(C)C2)C(CCC11C)Cn))C)C)(|COC(=O)c1ccc(CSc2ccc3cc(=O)cc4cccnCl)nc4[nH]c)nc(Oc)nc4ccc(c)c4[nH]3)n2)C(=O)OCC(C)(C)1CCC1CC2C[nH]CCOC3c|COC(=O)c1ccc(CSc2c[nH]c3cc(Cl))c4)cccc4)nc(O)C(=O)Nc4ccccc4Cl)cc44)n2)C(=O)OC(C)(C)C1CC1|COC(=O)c1ccc(CS(=O)c3cc(Cl)ccccccc4Cl)c(4)nc(Cl)cc45)c2nc4ccc(Cl)n2)NC)=O)C(C)C2(C)C1CO1C(OC[nH]12CC3N,missing_smiles,False,SketchMolJointDiffusion/outputs/runs/sketchmol_compare_joint_diffusion_seed7/rendered_smiles_images/mol_012606.png,missing_target_image,False,False,,,SketchMolJointDiffusion/outputs/runs/sketchmol_compare_joint_diffusion_seed7/target_images_resized/mol_012606.png,COC(=O)c1cc2nc(SCC(=O)Nc3ccc(Cl)cn3)[nH]c2cc1Cl,0.0,False,False,0.0,False,False
,,0.0,,True,SketchMolJointDiffusion/outputs/runs/sketchmol_compare_joint_diffusion_seed7/joint_images/mol_008850.png,,,True,False,215.0,1574.6610107421875,39.68199857293213,0.0,0.0,mol_008850,False,C=CCOc1ccc(CNCCCC(CCCc2cccc(C(C)(C)c3ccccc3)NC(C)(C)C(=O)N(C)CC(C)(C)CN2)c1)C)Ncccc(c)=1)(C1O|C=CCOc1ccc(CNC(=O)CCCc2ccc(OC(C)(C)c3ccc(OC(C(C)(C)C)cc3cc(C(C)(C)C(=N(C)c2)c1)NNN1)C1O)1cN())(|C=CCOc1ccc(CNC(=O)CCCc2cccc(C(C)(C)c3ccccc3)C(C)(C)(C)NC(=O)NCCC(C)(C)NC)c(OC)cccc1O1O2)((2)3)(|C=CCOc1ccc(CNC(=O)CCCc2ccc(OC(C)(C)=C(c3ccc(C(C)(C)(C)NC(=O)NCCC(C)(C)N2)c1OC)cccc1N)2c)1(N())3|C=CCOc1ccc(CNC(=O)CCCc2ccccc2)C1(C)c2ccc(OC3(C(C)(C)CN3)c(OC(C)(C)C(C)(C))c1))NNcc)(CC2C)((())(|C=CCOc1ccc(C(=O)NCCCCc2cccc(C(C)(C)Cc2cccc2)C(CC(C)(C)NC(=O)NC)(C)(C)C)c)c1OC)cc)c1NC)(2(((1))(|C=CCOc1ccc(CNC(=O)CCCc2cccc(C(C)(C)c3cccc2)NC(C)(C)C)c4)c(O)c(OC(C)(C)C)cc1OC)Nccc1)N(2)((C2))N|C=CCOc1ccc(C(CO)NCCCCc2cccc(C(C)(C)c3ccc(C=NC(C)(C)(C)NC)c(=OCN(C)C(=C)(C)N2)cccc1cN1O2)()()))C,missing_smiles,False,SketchMolJointDiffusion/outputs/runs/sketchmol_compare_joint_diffusion_seed7/rendered_smiles_images/mol_008850.png,missing_target_image,False,False,,,SketchMolJointDiffusion/outputs/runs/sketchmol_compare_joint_diffusion_seed7/target_images_resized/mol_008850.png,C=CCOc1cccc(CNCCCNC(=O)C2=CC(C)(C)NC2(C)C)c1,0.0,False,False,0.0,False,False
,,0.0,,True,SketchMolJointDiffusion/outputs/runs/sketchmol_compare_joint_diffusion_seed7/joint_images/mol_044834.png,,,True,False,218.0,1639.6052856445312,40.49203978122776,0.0,0.0,mol_044834,False,N/C(=N\C(Cc1ccc(O)cc1)=C(c2cccn1)c2ccccc1)NC(=CCc2ccccc3)c2ccc(O)cc2)c11)c1cnc1n111N\C(nC|N/C(=N\CC(c1ccc(O)cc1)=C(c)cc1)CCc2ccc1)c2cccn(Cccccccc3)c3ccccc3)C(=O)O)cc1O)nn1111|N/C(=N\CC(c1ccc(O)cc1))C(c1ccc(OCc2ccccc2)c2ncc(OC(Cc3cccccc)cn2)C(=O)O)nc1O)c11n111|N/C(=N\CC(c1ccc(O)ccc1)C(Cc1ccc(Cc2ccccc2)c1cnc(O)(Cc3ccccn3)cc2)c1nccn1nc(O)n111C111O(nN|N/C(=N\C(Cc1c[nH]c(O)ccc1)C(c2cccnc2)NCC=C(c2cccc(OCc3ccccc3)c3ccc(O)cc3)nc2cc(O)n11111|N/C(=N\C(/c1c\c(O)cc1)c1cNC(CCCCCc2cccnc2)c2cnc(O)CCc2ccccn2)c2cccc(O)cn2)c1O)cn1111c(11(N(1|N/C(=N\C(Cc1ccc(O)cc1)=C(c1ccc(CCc2ccccn1)c1cnccc(Cc3ccccc3)Cc2)c2ccccn2)c(O)n1n11n1COCO(((1C)O|N/C(=N\CC(c1ccc(O)cc1)/C(O)CCCCc2ccccc2)c2c1cnc2)CCCc3ccccc3)c22)c1nccc(O)c1)cnn,missing_smiles,False,SketchMolJointDiffusion/outputs/runs/sketchmol_compare_joint_diffusion_seed7/rendered_smiles_images/mol_044834.png,missing_target_image,False,False,,,SketchMolJointDiffusion/outputs/runs/sketchmol_compare_joint_diffusion_seed7/target_images_resized/mol_044834.png,N/C(=N\CCC(c1ccc(O)cc1)c1ccccn1)NCCCc1c[nH]cn1,0.0,False,False,0.0,False,False
,,0.0,,True,SketchMolJointDiffusion/outputs/runs/sketchmol_compare_joint_diffusion_seed7/joint_images/mol_001901.png,,,True,False,237.0,2115.4321899414062,45.9938277374411,0.0,0.0,mol_001901,False,COc1ccc2[nH]c(C)cccc(O(CN(C)CCN(C)C)c(N(C)CN(C)c6ccccc6ccccc5c4)c(OC)c(=C)=O)c12)cccc1cccO))|COc1ccc2[nH]c3ccC)cc(OCN(C)C(C)(C)C)c(C)N(C)(()C)c4cccccccccc44)c(OC)c(OC)c3)cc3ccc2cccc)O|COc1ccc2[nH]c3c(OC)c(O(CN(C)C(N)C)c(N(C)C)cc(OC)c4ccc([nH]c4ccccc45cc34)c(O))c4)c3)cccccccccO|COc1ccc2[nH]c3c(C)cc(O)c(CCC(C)(C)C)c(N(C)C(=O)c5cccc4cccccccc45)cc24)=O)cccc(O))c12c[nH]cc(N4c|COc1ccc2[nH]c3c(OC)c(O(CN(C)CCN(C)C)c(C)N(Cc4cc(OC)cc4cc5ccccc45)c3)c(=O)cccc12)cc1ccc3ccCc)|COc1ccc2[nH]c3c(OC)c4cccc(CC(CN(C)C)c(N(C)C)cc(C)c6ccccc4ccccc45)cc3)c(=O)cC)c3)cc12)c)c(N|COc1ccc2[nH]c3c(OC)c(C(C)(C)CCN(C)C)c(C)N(C)c(O)C4ccc([nH]c4ccccc45)c(C)c(=O)c3)c3)ccccc1cc(O|COc1ccc2[nH]c(C)c3cc(OC)c(C(C)N(C)C)c(CCN(C)(C)c4cccccc4)ccccc4)c(OC)c(OC)c3cc)3cc12c[nH]cc)2)(,missing_smiles,False,SketchMolJointDiffusion/outputs/runs/sketchmol_compare_joint_diffusion_seed7/rendered_smiles_images/mol_001901.png,missing_target_image,False,False,,,SketchMolJointDiffusion/outputs/runs/sketchmol_compare_joint_diffusion_seed7/target_images_resized/mol_001901.png,COc1ccc2[nH]c(C)c(CCN(C)C)c2c1,0.0,False,False,0.0,False,False
,,0.0,,True,SketchMolJointDiffusion/outputs/runs/sketchmol_compare_joint_diffusion_seed7/joint_images/mol_010232.png,,,True,False,232.0,2118.0069580078125,46.02180959075613,0.0,0.0,mol_010232,False,CCCCc1c(c2nc3c(-c3ccc(O)nc(N)c(-c4ccc(-c5ccccc5)nn4-c4ccco5)ccN)nc3N(C)C(CCC)nn11C1222O)n31n35N|CCCCc1c(c2nc(-c3ccccc4)c(-4)nc(-c4ccc(-c5ccccc5)nn4-c4ccccc4)n33)C(=O)N(CCC)n22C11111Ccnn(4n3|CCCCc1c(c2nc(-c3ccccc3)c4c4c(N)c4)nc(-c4ccccc4)nnc(-c4ccccc4)n3N)ncN=C)n(CCC)C1C1C12C((3333n2|CCCCc1c(c2nc(Cc3ccc(-c4ccc(N)c(-c4cccc(-c5ccccc4)nc3-c4ccccc4)no3)nc(N)nn3C)n1C31C42))n344344)5|CCCCc1c(c2nn(Cc3cccc(N)c4)nc(-c4ccccc(-c5ccccc5)nn4nc(N)nn34)co4)c(=O)n3CCCC)n1CCC12CnC(|CCCCc1c(c2nn(Cc3cccc4)c(-c4cccoc)nnc3n(-c4ccccc4)n3-c4ccccc4)no3Nnnn23)CCC(C)C(C11C21)C)()nn)N6|CCCCc1c(c2nn(Cc3ccnc(N)(-c4ccc(-c5ccccc5)n4)c(=O)n(-c4ccco4)n43)CC(=O)N(C)C3)n3C11n221nnc1nnn|CCCCn1c(c2nc(-c3ccc(cc)cnc(N)4)c4ccc(-c4ccccc4)ncc3-c4ccnc(N)n43)n3C(N(C)CCC)n2C11n31c4,missing_smiles,False,SketchMolJointDiffusion/outputs/runs/sketchmol_compare_joint_diffusion_seed7/rendered_smiles_images/mol_010232.png,missing_target_image,False,False,,,SketchMolJointDiffusion/outputs/runs/sketchmol_compare_joint_diffusion_seed7/target_images_resized/mol_010232.png,CCCCn1ncc2c1nc(N)n1nc(-c3ccco3)nc21,0.0,False,False,0.0,False,False
,,0.0,,True,SketchMolJointDiffusion/outputs/runs/sketchmol_compare_joint_diffusion_seed7/joint_images/mol_023580.png,,,True,False,249.0,2505.1744995117188,50.0517182473461,0.0,0.0,mol_023580,False,Oc1ccc(C2CCN3CC([C@H]3C(c4ccccc4)[C@@H](O)c(O)cc42)c4ccccc2)C(C)c2)c2ccc(O)cc3)ccccc(O)cc1111)c1|Oc1ccc(C2CCN3CC([C@H]3CCC(c4ccccc4OC)c4O)[C@@H]2O)(c1ccc4cccc(C)c3)c2cc3ccccc32)c2ccc(O)(1c12)c(|Oc1ccc(C2CCN3CC[C@@H](CC3CCC(c4ccccc4)c4O)[C@@H]2Oc2cccc4OC)c2)C(=O)c4ccc(Cl)cc32)cccc(O)cc1c)c))31cc(3c|Oc1ccc(C2CCN3CC([C@H]3C(c4cccc(O)c4O)c3O)cc41)c1)(c2ccccc3)C2)c2ccc(Cl)c1)c1cccc(O)cc1)c1ccc|Oc1ccc(C2CCN3CC([C@H]3CCN(c4ccccc4OC)c44)c2)c4ccccc4O)cc3)[C@@H](O)c4ccc(Cl)cc32)c2cccccccc111)33|Oc1ccc(C2CCN3CCC3[C@H](c4ccccc4)c4OC)c4O)c(O)cc3)[C@@H]c4cccc43)C2)c2ccc(O)cc3)ccccc(O)ccc111cc3|Oc1ccc(C2CCN3CC[C@@H](c3C(c4ccccc4)c4)[C@@H](OC4)(c4ccccc4O3)N(C)C2)c2ccc(O)cc3)c2ccc(O)c(c11)O3C1cccc2)c|Oc1ccc(C2CCN3CC([C@H]3CCN(c4ccccc4OC)c4cccc42)c(O)c43)c2O)(3)c2cccccccccc(OC)c(O)c1c1c1c)22,missing_smiles,False,SketchMolJointDiffusion/outputs/runs/sketchmol_compare_joint_diffusion_seed7/rendered_smiles_images/mol_023580.png,missing_target_image,False,False,,,SketchMolJointDiffusion/outputs/runs/sketchmol_compare_joint_diffusion_seed7/target_images_resized/mol_023580.png,Oc1ccc([C@@H]2CN3CCC[C@H]3c3ccccc32)cc1O,0.0,False,False,0.0,False,False
,,0.0,,True,SketchMolJointDiffusion/outputs/runs/sketchmol_compare_joint_diffusion_seed7/joint_images/mol_013389.png,,,True,False,244.0,1814.0888061523438,42.592121409391474,0.0,0.0,mol_013389,False,C/C=C(CC(C(=C(C1=NC1)C1=C(c2ccc(Br)c(Br)c2cccBr)c2cBr)C(Br)c2)C(=N)NNCCCCC3)c1OCCCN1=C(1(CCC)O11OBr)N|C/C=C(CC/C(=N(CC1)C1)C1=N\c1ccc(Br)cccc(Br)ccBr)(Br)c2Br)cc2)c(Br)c1)N2CCCCC2)cc(Br)NCN1C(1C1CCOC=BrBr)N|C/C=C(CC(/C=C(\c1c(Br)c1ccc(Br)cc(Br)c2cc(Br)c3cc(Br)cc2)C(=O)NCCC2=N3CCCCC3)cc1Br)C1=C=1=)1=NCN1BrBr)N|C/C=C(CC(/C=C(\1cc(Br)c1)N/c1ccc(Br)c(Br)c2ccccBr)Br)c(Br)c2)C(=O)NCNN3CCCCC2)cc1Br)N1=C=C1C11C==11BrCN|C/C=C(CC/C(=C(c1cc(Br)c1=N\c2ccc(Br)c(Br)c2)C(=CBr)c2cc(Brcc2)C(CCCN3CCCCCC2)cc1Br)C1=O)11Br1N1=N=cBr)C|C/C=C(/C(CN=C(C1Br)C1)c1ccc(BrBr)c(BrBr)c2c(Br)cccc2Br)N(Br)ccc2)C(=O)CN1CCCCC2)cc1Br)N1=C=((CCC)==11CNN|C/C=C(CC//C=C(c1cc(Br)c1)=(c2ccc(Br)ccBr)c2ccccBrBr)C(=O)c2)C(=O)NCN3CCCC3)c1)C1CCC1===1(C1)C1=1NBr)N|C/C=C(CC(/C=C(c1cc(Br)c1=N/c2ccc(Br)cc2)c2cccccBrBr)c(BrCc2cc(c)c(CCN1CCCCC2)cc1)=N1===/(C(1C1(11Br)N,missing_smiles,False,SketchMolJointDiffusion/outputs/runs/sketchmol_compare_joint_diffusion_seed7/rendered_smiles_images/mol_013389.png,missing_target_image,False,False,,,SketchMolJointDiffusion/outputs/runs/sketchmol_compare_joint_diffusion_seed7/target_images_resized/mol_013389.png,C/C=C/CN(C1=NCCN1)c1c(Br)cccc1Br,0.0,False,False,0.0,False,False
,,0.0,,True,SketchMolJointDiffusion/outputs/runs/sketchmol_compare_joint_diffusion_seed7/joint_images/mol_002764.png,,,True,False,219.0,1567.0042724609375,39.58540479091931,0.0,0.0,mol_002764,False,Nc1nc(=O)NCCC(=O)Nc2nc3c(=O)[nH]c3C(=O)c1ccc(c(=O)ncn4c(=O)c2cc(F)c[nH]c)=O)[nH]c2=O)[nH]2)[nH]1n1111111|Nc1nc(=O)NC(=O)Nc2nc33c(c())cc3C(=O)c4ccc(=O)nc4[nH]c(=O)c(F)c(N)[nH]4)c(=O)[nH]c2=O)[nH]23[nH]1111n3n|Nc1nc(=O)NCCC(=O)Nc2nc3c(=O)[nH]c4C(=O)c(=O)n(F)n4)c3c(=O)cccc(N)34)c(=O)[nH]4)[nH]c2[nH]2)[nH]1111n1On1|Nc1nc(=O)NC2C(=O)Nc3nc4nc(N)nc3C(=O)O)ccc4c(=O)n4(c)c4)cc(F)[nH]c34)c(=O)[nH]c2=O)[nH]c2[nH]1111n1On1|Nc1nc(=O)NCCC(=O)Nc2nc3c(=O)[nH]c3C(=O)c1ccc2c(=O)(=O)c(-c4ccc(c)[nH]4)c(=O)[nH]c2=O)[nH]c2[nH]111111n|Nc1nc(=O)c2C(=O)Nc2cnc3c(=O)[nH]c3C(=O)c(=O)[nH]c(=O)c(=O)c4ccc(N)c5[nH]4)c(=O)[nH]c(=O)[nH]2)[nH]1N1111111|Nc1nc(=O)NCCC(=O)Nc2nc3c(=O)[nH]c3C(=O)c3ccc4c(=O)nc4)c(-c4ccc(c)[nH]4)c(=O)[nH]c2=O)[nH]c2[nH]1n1111n1[nH]|Nc1nc(=O)NCCC(=O)Nc2nc3c(=O)[nH]c(C(=O)c1ccc4c(=O)n4cc(F)c4c(c(N)n4)c(=O)[nH]c(=O)[nH]2)[nH]1n11n2111,missing_smiles,False,SketchMolJointDiffusion/outputs/runs/sketchmol_compare_joint_diffusion_seed7/rendered_smiles_images/mol_002764.png,missing_target_image,False,False,,,SketchMolJointDiffusion/outputs/runs/sketchmol_compare_joint_diffusion_seed7/target_images_resized/mol_002764.png,Nc1nc2[nH]c(N)nc2c(=O)[nH]1,0.0,False,False,0.0,False,False
,,0.0,,True,SketchMolJointDiffusion/outputs/runs/sketchmol_compare_joint_diffusion_seed7/joint_images/mol_023033.png,,,True,False,225.0,1709.1383666992188,41.34172670195596,0.0,0.0,mol_023033,False,Cc1cc2c(c1)\c1)=C(c1cccc(C(=N)NC2C(CC(C3CC(CC5)C(CC(C)C1)C(CC1)CC1C(=O)NC3=O)N2N1)1)))N)4|Cc1cc2c(c1)\c1)=C(c1cccc(C(=N1=C2C(CC(CCCC(C)CC)C(C1)CC1)CC(C1)C1)C(=O)NC2=O)C)N3)1()|Cc1cc2c(c11)c1)=C(c1cccc(C(=N\NC(C(CC(C4CCCCC4)C(C3)NN4C(C3CC(C1)C1(C)C(C)=O)N2N1)22))N3))|Cc1cc2c(cc1)cc1)Nc1cc(C(=O)NC1=C(C(C2)C3CCCCC3)C(CC1)C(C)(C)C1)CCCC(=O)NC1=O)N2C1)1\C|Cc1cc2c(c1)\c1)=Nc1ccc2c(c1NC(=O)C(CC(CCCC(CC4)C3CC4))CC(C1)C1)CCCC(=O)NC(=3)N2N=(1)))N)(((C)))|Cc1cc2c(c3)(c1)=C(c1cccc(C(=N1CC(C(=O)N3CC(CC(C1)CC1)N1(CC(C3)C1)C(=O)C(C)C3C22N1)12)nN|Cc1cc2c(c11)cc1)Nc1ccc2c(c(NC(=N)N1CCCCCCC(C)CCC1)C1)NC(C1)C1)C3)C(=O)N1C(=O)C2N3(4()|Cc1cc2c(c3c(c1)=C(c1cccc(C(=O)=N2C(CC(C3CCCCC4)C(C3)NC3CCC(CC)C2)C(=O)N(C)C3C1=N1)12)),missing_smiles,False,SketchMolJointDiffusion/outputs/runs/sketchmol_compare_joint_diffusion_seed7/rendered_smiles_images/mol_023033.png,missing_target_image,False,False,,,SketchMolJointDiffusion/outputs/runs/sketchmol_compare_joint_diffusion_seed7/target_images_resized/mol_023033.png,Cc1cc2c(cc1N1CCCCC1)NC1=NC(=O)CN1C2,0.0,False,False,0.0,False,False
,,0.0,,True,SketchMolJointDiffusion/outputs/runs/sketchmol_compare_joint_diffusion_seed7/joint_images/mol_035594.png,,,True,False,214.0,1872.5799560546875,43.27331690608761,0.0,0.0,mol_035594,False,CCOC1=CC(C(=O)C(C)C(Cc2cccc[N+](=O)[O-])cc3)cc3ccc([N+](=O)[O-])ccc3)CC2C(=O)C(=O)OCCCC2(C)C1C)OC))|CCOC1=CC(C(=O)C(C)C(Cc2ccc([N+](=O)[O-])cccc([N+](=O)O)cc4COC)cc4)CC4)ccc3C(=O)O)cc2)OCC=1c1)C)32((3))O(|CCOC1=CC(C(=O)C(C)C(Cc2ccc([N+](=O)[O-])cc3)ccc([N+](=O)N)CC4)cc3)CO4)cc2)C(=O)C(C)=O)C=C1C1)|CCOC1=CC(C(=O)C(C)C(Cc2cccc[N+](=O)[O-])cc3)ccc([N+](=O)N)Cc4)ccc)cc3C(=O)C(=O)O)c2C2(C)C1C1[O]C)21c(2)2))|CCOC1=CC(C(=O)C(C)C(Cc2cccc[N+](=O)[O-])cc4)cc3)ccc([N+](=O)O)cc3[N+](C)C)cc(C(=O)O)cc2)C1C12=3)2)c3ccCcO2)|CCOC1=CC(C(=O)C(C)C(Cc2cccc[N+](=O)[O-])cc4)cc3)ccc(C(=O)O)ccc3)C4)ccc2C(=O)O)cc2)C=CC1C1)C)OC(c3cO1O|CCOC1=CC(C(=O)C(C)C(Cc3cccc([N+](=O)[O-])cc4)cc3)cc([N+](=O)[O-])cc3)C(=O)OC(C(=O)O)cc2)C2CC112)C)21())cC)C|CCOC1=CC(C(=O)C(CCC(Cc2cccc[N+](=O)[O-])cc3)cc([N+](=O)C(=O)O)cc3)CC3)ccc2C(=O)O)c(C)CC)C1C1)C)((=(CC)2C,missing_smiles,False,SketchMolJointDiffusion/outputs/runs/sketchmol_compare_joint_diffusion_seed7/rendered_smiles_images/mol_035594.png,missing_target_image,False,False,,,SketchMolJointDiffusion/outputs/runs/sketchmol_compare_joint_diffusion_seed7/target_images_resized/mol_035594.png,CCOC1=CC(=O)C(Cc2ccc([N+](=O)[O-])cc2)C(C)(C)C1,0.0,False,False,0.0,False,False
,,0.0,,True,SketchMolJointDiffusion/outputs/runs/sketchmol_compare_joint_diffusion_seed7/joint_images/mol_021976.png,,,True,False,191.0,1888.7852783203125,43.46015736649273,0.0,0.0,mol_021976,False,COc1ccc(OC(=O)NC(=O)c2ccccc2C(=O)N2CCC(c2ccccc2)c3cccccc3)cccccc2)cc(OC)cc2)cccc11(|COc1ccc(OC(=O)NC(=O)c2ccccc2)(CO)N2CCC(c2ccccc2)c2)ccccccc3)Cccc2)cc(OC)cc2)cccc111|COc1ccc(OC(=O)NC(=O)c2ccccc2)(=O)N2CCC(c2ccccc2)C(=O)c3ccccc3)CC2)cc(OC)cc2)cccc111|COc1ccc(OC(=O)NC(=O)c2ccccc2)C(=O)C(OC(c3ccccc3)c3ccccccccc3)cCC2)cc(OC)cc3)c2cc11c|COc1ccc(OC(=O)NC(=O)c2ccccc2)C(=O)C(OC(c2ccccc2)c(Oc3ccccc3)c2)c2ccc(OC)c3)cc2)c11c|COc1ccc(OC(=O)OC(=O)c2ccccc2)C(=O)NCOC(c2ccccc2)(c3cccccccc3)CCC2)cc(OC)cc2)cccc111|COc1ccc(OC(=O)NC(=O)c2ccccc2)(=O)NC(=O)c2cccc2)C(Oc3cccccc3)C)cc2)cc(OC)cc2)cccc111)c(Ccc|COc1ccc(OC(=O)NC(=O)c2ccccc2)((C(=O)C(c2ccccc2)(c3ccccccccc3)CC2)ccc(OC)cc2)cccc111,missing_smiles,False,SketchMolJointDiffusion/outputs/runs/sketchmol_compare_joint_diffusion_seed7/rendered_smiles_images/mol_021976.png,missing_target_image,False,False,,,SketchMolJointDiffusion/outputs/runs/sketchmol_compare_joint_diffusion_seed7/target_images_resized/mol_021976.png,COc1ccc(OC(=O)CNC(=O)c2ccccc2)cc1,0.0,False,False,0.0,False,False
,,0.0,,True,SketchMolJointDiffusion/outputs/runs/sketchmol_compare_joint_diffusion_seed7/joint_images/mol_011980.png,,,True,False,233.0,2023.268310546875,44.98075489080719,0.0,0.0,mol_011980,False,CCCCC(=O)C(=O)C(Cc1c1c(=O)c1ccccc12)c1ccccc1)N(c1ccccc1)c(=O)c1ccccc1)c1ccccccn2c11111cn1c111)C|CCCCC(=O)C(=O)n(Cc2ccccc2)c2ccccc2)c2ccccc2)N(C)c1ccccc1C(=O)c1ccccc1)c1ccccccnn1111C111cc111)c|CCCCC(=O)C(=O)C(=O)c1cc1O)c1ccccc2)(C)c2ccccc2)c1)c1ccccc1OC)c1ccccc1)c1ccccccn11111c111c1111cc|CCCCC(=O)C(=O)C(=O)c1Sc1cccccccc1O)c2ccccc1)NC(=O)c1ccccc1OC)c1ccccc1)c1ccccccn11111C1111c111)1|CCCCC(=O)C(=O)n(Cc1ccccc1)c1ccccc1C(c1ccccc1)c1cc1)c1ccccc1O)c1ccc(=O)c1ccccn1n11111c1=1ccc11)C|CCCCC(=O)C(=O)n(Cc2ccccc2)c2ccccc2)(C)c2ccccc2c(=O)c1ccccc1)c1ccccc1)c1cccccccn11111C11C1c111Cc|CCCCC(=O)C(=O)n(C)c1ccc(O)c1ccccc1O)c2ccccc1)C(=O)c1cccccc1)c1cccc1O)c1cccccccnn1111C11111111)C|CCCCC(=O)C(=O)n(Cc2ccccc2)c2ccccc2)c1ccccc1)c1cc2ccccc1OC(=O)c1ccccc1)c1ccccccnc1n11C1111c111)(,missing_smiles,False,SketchMolJointDiffusion/outputs/runs/sketchmol_compare_joint_diffusion_seed7/rendered_smiles_images/mol_011980.png,missing_target_image,False,False,,,SketchMolJointDiffusion/outputs/runs/sketchmol_compare_joint_diffusion_seed7/target_images_resized/mol_011980.png,CCCCN(C(=O)c1cc2cc(O)ccc2n1C)c1ccccc1,0.0,False,False,0.0,False,False
,,0.0,,True,SketchMolJointDiffusion/outputs/runs/sketchmol_compare_joint_diffusion_seed7/joint_images/mol_007384.png,,,True,False,206.0,1541.3525390625,39.26006290191726,0.0,0.0,mol_007384,False,CC(C)(C)NC(=O)NC(=O)(=O)NC(=O)NCC(C)CNC(=O)NCCCC(C)C(C)C(C)(C)C3CC2)C1)CC(C)C1CC1C1)C(C1C|CC(C)(C)NC(=O)NC(=O)(=O)NC(=O)NC(C)(NC(=O)NC(CCCC(C)CC2C(C(C)C2)CCCC1C)(C)C2CCCC)C1(C2C)C|CC(C)(C)NC(=O)NC(=O)(=O)NC(=O)NCC(=O)NC(=O)1CCCCC(C)(C)CC3)C2)C(C)(C(C)(C)CCC)CC)11CCCC)C|CC(C)(C)NC(=O)NC(=O)NC1CNC(=O)NC(C)(C))NC(=O)C2CCC(C(C)(C)C(C)C3CC3C(C)(C)C2)CCC1)1)C)(|CC(C)(C)NC(=O)NC(=O)(=O)NC(=O)NC(C)(NC(NC(=O)N2CC(C)(C)C)C(C)C3CCCCC2)C(C)C(C)CC1112C)CCC|CC(C)(C)NC(=O)NC1CNC(=O)NC(=O)NC(CO)NC(CO)N1CCCCC(C)(C(C)(C)C2CCCC)C(C1(C)C2CCCC)11(C(C)C|CC(C)(C)NC(=O)NC(=O)(=O)NC(=O)NC(=O)NC(=O)C1CC2CC(CC(C)C)C2)C2CCCCCC(C1(C)C(C)CC)11)C)CC)|CC(C)(C)NC(=O)NC(=O)(=O)NC(=O)NC(CO)NC(=O)NC2CCCC(CC(C)(C)O)C2CCCCCC1C)(C)C1CCCCC11)C)C,missing_smiles,False,SketchMolJointDiffusion/outputs/runs/sketchmol_compare_joint_diffusion_seed7/rendered_smiles_images/mol_007384.png,missing_target_image,False,False,,,SketchMolJointDiffusion/outputs/runs/sketchmol_compare_joint_diffusion_seed7/target_images_resized/mol_007384.png,CC(C)(C)NC(=O)NC1CCCC(NC(=O)NC(C)(C)C)C1,0.0,False,False,0.0,False,False
,,0.0,,True,SketchMolJointDiffusion/outputs/runs/sketchmol_compare_joint_diffusion_seed7/joint_images/mol_036314.png,,,True,False,235.0,1968.08837890625,44.36314212165601,0.0,0.0,mol_036314,False,CCOC(=O)c1cc2c3c(-c3nc4ccc(OC)c(OC)c5cccccc6c(c5ccsc(C)c5c(sC)c(C)c(OC)c4)O)s2)c2O56ccnnc|CCOC(=O)c1cc2c3c(c4ccccc5c4c(cc(Oc)c(nc6ccccc6c(C)s6)c)c6c5)c(C)c4)COC)c4cc3s2)c1n666cn|CCOC(=O)c1sc2c3c(-c4ccc3c4c(OC)c(C)c4cccccc5c(c(C)sc5c6c(c(44)n3C)c(OC)c4sO)s1)s215c4c5ccccn)66|CCOC(=O)c1cc2c3c4ccc5c4cc(OC)c(N4C(=O)c6ccccc6c(cccC)c(c)c(OC)c(C)sc4c3c2=))s14s2[nH]1nc5c3c|CCOC(=O)c1cc2c3c3cc(-c4cccc(OC)(OC)c4cccccc5c)c6ccc(OC)c5c4c5)c(C)sc4)nc34)3)2)c2Cs6c|CCOC(=O)c1cc2c3c3ccc4c4c(c(OC)C(OC)c4cccccccc6c6ccccOC)c6c(c6c(OC)cc45)4)s2)O)cs1456n66|CCOC(=O)c1cc2c3c(-c4nc4cc(OCC)c(OC)c4c5cccccccc5c)sc(c)c(c4)c(C)c4c34)c4c3c2)1))1c|CCOC(=O)c1cc2c3c4c4ccccc5c4c(c(N)c5c6ccccccc5c(O))c(OC)c6c(c(C)s4)c(OC)c4c3)s2)c2c16cn64nc5n,missing_smiles,False,SketchMolJointDiffusion/outputs/runs/sketchmol_compare_joint_diffusion_seed7/rendered_smiles_images/mol_036314.png,missing_target_image,False,False,,,SketchMolJointDiffusion/outputs/runs/sketchmol_compare_joint_diffusion_seed7/target_images_resized/mol_036314.png,CCOC(=O)c1c2[nH]c3ccc(OC)cc3c2cc2nc(C)sc12,0.0,False,False,0.0,False,False
,,0.0,,True,SketchMolJointDiffusion/outputs/runs/sketchmol_compare_joint_diffusion_seed7/joint_images/mol_044716.png,,,True,False,188.0,1622.5721435546875,40.28116363208351,0.0,0.0,mol_044716,False,CCCNC(=O)Nc1ccc(OCCc3ccccc3)c22cc1OS(=OS(=O)(=O)NC(C(=O)c1ccccc1)C(=O)c1cccccccc1C1)c))1CcC)O)c|CCCNC(=O)Nc1ccc(-c2ccccc3)c2)cccc1NS(=O)(=O)(=O)NC(=O)NC(=O)O1cccc1)c1cccccc1OcccOCOC1C|CCCNC(=O)Nc1ccc(-c2c3ccccc3)cc2)cc1)S=O)(=O)(=O)NCCC(=O)c1ccccc1)C(=O)ccccccc1)c1c1CC1C()(COO)(|CCCNC(=O)Nc1ccc(-c2ccccccc3)c2)cc11S(=OS(=O)(=O)NCC(=O)c1ccccc1C(=O)O)cccccccc1)cc1CC))(CCC)C)C|CCCNC(=O)Nc1ccc(-c2ccccccc3)cc2)c11S(=O)(=O)(=O)NC(C)C)c1ccccc1C(=O)O)ccccccc1)c1O1CCcC(OCCO2)C|CCCNC(=O)Nc1ccc(-c2ccccc3)cc2)c2c1)S(=O)(=O)(=O)NC(C(=O)c1ccccc1)C(=O)Occccc1C(C)cFCC()(CCCCC|CCCNC(=O)Nc1ccc(-c2ccccccc3)cc2)c11S(=O)(=O)(=O)NCC(=O)c1ccccc1)NC(=O)c1ccccccccc11(O()3CCCOC)C|CCCNC(=O)Nc1ccc(OCCc3ccccc3)cc2)c1Cccc1S(=O)(=O)NCCCC(=O)c1ccccc1C(=O)OC)c1cccc1c11CC)C(CCCOC)C,missing_smiles,False,SketchMolJointDiffusion/outputs/runs/sketchmol_compare_joint_diffusion_seed7/rendered_smiles_images/mol_044716.png,missing_target_image,False,False,,,SketchMolJointDiffusion/outputs/runs/sketchmol_compare_joint_diffusion_seed7/target_images_resized/mol_044716.png,CCCNC(=O)Nc1cccc(-c2ccc(OC)c(S(=O)(=O)NC(CC(=O)O)c3ccccc3)c2)c1,0.0,False,False,0.0,False,False
,,0.0,,True,SketchMolJointDiffusion/outputs/runs/sketchmol_compare_joint_diffusion_seed7/joint_images/mol_049992.png,,,True,False,240.0,2421.4356079101562,49.20808478197618,0.0,0.0,mol_049992,False,COc1ccc(S(=O)(=O)N(Cc2ccccc2)c2ccc(C(=O)(=O)NCc22cc(-c3ccccc3)cc2)cc(OC)cc2)cccc111cc|COc1ccc(S(=O)(=O)N(Cc2ccccc2)c2c(c(C)c(C(=O)NCc2ccc(-c3ccccc3)cc2)cc(OC)cc2Br)ccc11cccc)|COc1ccc(S(=O)(=O)N(Cc2ccccc2)c2ccc(C(C(=O)N(N)c2ccc(-c3ccccc3)c(OC)c(OC)cc2Br)ccc111ccc)|COc1ccc(S(=O)(=O)N(Cc2ccccc2)c2ccc(C(=O)N=O)NCc2ccc(-c3ccccc3Br)c2)cc(OC)cc2Br)ccc111ccc)|COc1ccc(S(=O)(=O)N(Cc2ccccc2)c2c(c(C)=O)(=O)N[C@@H](Cc2ccc(ccccccc3)cc)cc(OC)cc2Br)ccc11ccc|COc1ccc(S(=O)(=O)N(Cc2ccccc2)C(=O)N(C(=O)NOCC(Cc2ccc(-c3ccccc3)c2)cc(OC)c2)ccccc111cc2)|COc1ccc(S(=O)(=O)N(Cc2ccccc2)c2c(C(C)=O)(=O)NCc2ccc(-c3ccccc3)cc2)cc(OC)cc2Br)ccc11cccc)|COc1ccc(S(=O)(=O)N(Cc2ccccc2)c2c(c(C(=O)(=O)N)c2ccc(-c3ccccc4Br)c3)cc(OC)cc2)cccc111ccc,missing_smiles,False,SketchMolJointDiffusion/outputs/runs/sketchmol_compare_joint_diffusion_seed7/rendered_smiles_images/mol_049992.png,missing_target_image,False,False,,,SketchMolJointDiffusion/outputs/runs/sketchmol_compare_joint_diffusion_seed7/target_images_resized/mol_049992.png,COc1ccc(S(=O)(=O)N(Cc2cccnc2)c2c(C(=O)NO)cc(C)cc2-c2ccccc2)cc1,0.0,False,False,0.0,False,False
,,0.0,,True,SketchMolJointDiffusion/outputs/runs/sketchmol_compare_joint_diffusion_seed7/joint_images/mol_020286.png,,,True,False,225.0,1783.7820434570312,42.234843949718,0.0,0.0,mol_020286,False,CC(CCc1ccccc1)NCC(O)c1ccc(O)c(C(N)=O)c3ccccc3)c(O)c(C(=O)=O)c2ccccc(C(Cc(O)c2O)c1c1)c)C1(OCc2CC|CC(CCc1ccccc1)NCC(O)c1ccc(O)c(C(N)=O)c3ccccc2)c(O)c(N)=O)c2)ccccc2CC(N)=O)c(O)cc1111c)c2(c1OOC(|CC(CCc1ccccc1)NCC(O)c1ccc(O)c(C(N)=O)c2ccccc2)c2c(cCNC)=O)c2ccccc2C(N)=O))c(O)cc1c1)O)O2(c1cO(c|CC(CCc1ccccc1)NCC(O)c1ccc(O)c(C(N)=O)c2ccccc2C(=O)ccc(C(N)=O)cccccc(O)c2O)c(O)cc1c1Occ11Oc1OOC(|CC(CCc1ccccc1)NCC(O)c1ccc(O)c(C(N)=O)c2ccccc2)c2O)ccc(O)c(O)c2ccc(C(N)=O))c1O)cc1c)2C11Occcc))N|CC(CCc1ccccc1)NCC(O)c1ccc(O)c(C(N)=O)c2ccccc2)c(O)C(N)=O)c2ccccc2OC(N)==O)c(O)cc1c1)O)22((cccCC|CC(CCc1ccccc1)NCC(O)c1ccc(O)c(C(N)=O)c2ccccc2)c(O)c1c(C(N)=O)cccccc(O)c2)cc(O))c1c1cc|CC(CCc1ccccc1)NCC(O)c1ccc(O)c(C(N)=O)c3ccccc3)c2O)C(N)=O)c2)ccccc2C((N)=O)c(O)cc1O1)O,missing_smiles,False,SketchMolJointDiffusion/outputs/runs/sketchmol_compare_joint_diffusion_seed7/rendered_smiles_images/mol_020286.png,missing_target_image,False,False,,,SketchMolJointDiffusion/outputs/runs/sketchmol_compare_joint_diffusion_seed7/target_images_resized/mol_020286.png,C[C@@H](CCc1ccccc1)NC[C@H](O)c1ccc(O)c(C(N)=O)c1,0.0,False,False,0.0,False,False
,,0.0,,True,SketchMolJointDiffusion/outputs/runs/sketchmol_compare_joint_diffusion_seed7/joint_images/mol_027154.png,,,True,False,233.0,2059.2991333007812,45.37950124561509,0.0,0.0,mol_027154,False,COC1=C/C(=O)c2c3c(c(C(C)=O)O)c3c2CN2C(=COC(C)(C)C(=O)NC3OC(C)CC(C)C(C)=O)C=C(C)=O1O1C1O=CO(OOC)|COC1=C/C(=O)c2c2c(c(C(C)=O)O)c3c(CN2C(=O)C(C)(C)C(C)=O)(OC(C)C3=C[C@]C(C)C(C)CCN21=C=C1C2O=OO=OOCC|COC1=C/C(=C\c2c3c(c(C(C)=O)O)c3c2C2=C(OC(C)=O)C(C))C(C)=OC(C)(C(C)C(COC(C)C)C21C=1CCCCO=OO4OO)C|COC1=C/C(=C\c2c3c(c(C(C)=O)O)c3C2CNOC(C)=C(OC(C)(C)C)c34OC(C)=O)C=C(C)=O)CC3N21=O11OC1OO3OCCO)C|COC1=C/C(=O)c2c3c(c(C(C)=O)O)c3c2C2OC(C)OC(C)())N2C((O)COC(C)(C)COC(C)=O)C=C(C3=O1C)=1O3=OCC3CC|COC1=C/C(=C\c2c3c(c(c2C(C)=O)c3c3C2=CCOC(C)=O)C(C(OC(C)=OC(C)=COC(C)=CC(C)C3N)C1COO)C(O=CO=OO))|COC1=C/C(=C\c2c3c(c(C(C(C)=O)c3c2CC2C3=COC(C)(C)C(OC(=O)OC(C)(C)COC(C)=C(OC)C321=3O)C)O2=O1OO)C|COC1=C/C(=C\c2c3c(c(C(C(C)=O)c3c2C2OC(=O)C(C)(C)C)C(OOC(OC(C)=C(C(C(C)C(C)C)N23=O)C=O)OO)O3OC)C,missing_smiles,False,SketchMolJointDiffusion/outputs/runs/sketchmol_compare_joint_diffusion_seed7/rendered_smiles_images/mol_027154.png,missing_target_image,False,False,,,SketchMolJointDiffusion/outputs/runs/sketchmol_compare_joint_diffusion_seed7/target_images_resized/mol_027154.png,COC1=CC(=O)c2c(c(COC(C)=O)c3n2CCC3OC(C)=O)C1=O,0.0,False,False,0.0,False,False
,,0.0,,True,SketchMolJointDiffusion/outputs/runs/sketchmol_compare_joint_diffusion_seed7/joint_images/mol_016685.png,,,True,False,208.0,2722.8203735351562,52.18065133299081,0.0,0.0,mol_016685,False,O=C(O)(=O)c1ccc(S(=O)(=O)(=O)c2ccc(-c4ccccc45)cc4)c3)cc2)c3ccccc3)cc2)c1cccccc2111111111ccco1cc|O=C(O)(=O)c1ccc(S(=O)(=O)(=O)c3ccc(-c4ccccc4)ccc4)ccccc3)c2ccc3c2ccc(OC)cc1)c2cc11111c31ccccccc|O=C(O)(=O)c1ccc(S(=O)(=O)(=O)c3ccc(-c4ccccc45)cc4)cccccc)c2ccccc2ccccc2)cc1O)c1c11111c31cOc22cc|O=C(O)(=O)c1ccc(S(=O)(=O)(=O)c3ccc(-c4ccccc4)ccc)cc4)cc2)c2ccc3ccccc(OC)cc122ccc1211113|O=C(O)(=O)c1ccc(S(=O)(=O)(=O)c3ccc(-c4ccccc4)cc34)cc3)cc2ccccc3ccccc3c2)cc1)cccc1111122Oc1cc2)c|O=C(O)(=O)c1ccc(S(=O)(=O)(=O)c3ccc(-c4ccccc4)cc4)cc-c4ccccc4)c3)cccc3)cccc1O)c2c1111c2c3cOc3ccc|O=C(O)(=O)c1ccc(S(=O)(=O)(=O)c2ccc(-c5ccccc45)cc4)c4)cc2)c2ccc3ccccc3)cccc1O)c2c11121c21cOcc2)c|O=C(O)(=O)c1ccc(S(=O)(=O)(=O)c3ccc(-c4ccccc4)cc4)cc3)c3cccccccc4)ccc3)cccc3c12cc12121cc1c2ccc2c,missing_smiles,False,SketchMolJointDiffusion/outputs/runs/sketchmol_compare_joint_diffusion_seed7/rendered_smiles_images/mol_016685.png,missing_target_image,False,False,,,SketchMolJointDiffusion/outputs/runs/sketchmol_compare_joint_diffusion_seed7/target_images_resized/mol_016685.png,O=C(O)c1ccc(S(=O)(=O)Oc2ccc(-c3ccc(-c4coc5ccccc45)cc3)cc2)cc1O,0.0,False,False,0.0,False,False
,,0.0,,True,SketchMolJointDiffusion/outputs/runs/sketchmol_compare_joint_diffusion_seed7/joint_images/mol_047878.png,,,True,False,235.0,1848.9031982421875,42.998874383432266,0.0,0.0,mol_047878,False,C(=C/c1ccc(Cc2ccc3c3ccccc3)c2ccccc2)C(=O)NCCCO))c2)c2ccccc11)c1ccc1)c1cccccc2c1ccc1cc11|C(=C/c1ccc(Cc3ccccc3ccccc2)c1)c1ccccc1)C(=O)N(S(=O)c2ccccc3c1ccc3c1)c1cccccc2c1ccc1111n|C(=C/c1ccc(/c2ccc3ccccccc2)cnc2ccccc2)c1ccc2ccccc3c2ccc3c2)c2ccccc1)c1cccccc2c1ccc11111|C(=C/c1ccc(/c2ccc3ccccccc2)cCc2ccccc2)c1cc(CCC((O)c3ccccc3)c2ccccc1)c2cccccc2cnc1c111c1|C(=C/c1ccc(Oc2cc(/c3ccccc2)c2ccccc2)C(=O)NC(CCC))CC)c1ccc3c1)c1ccc2cc3ccccc1cc2c1c11111|C(=C/c1ccc(Cc2ccc3ccccccc2)c2ccccc2)c(=O)N=C)N(Cc3ccccc3c2)c2ccccc1)c1cccccc2c1ccc11121|C(=C/c1ccc(Cc2ccc3cccccccc2)nc2ccccc2)c1)c1ccc2cc1cc(c1)NC(=O)c2ccccc3ccccc2ncnc1c11C11|C(=C/c1ccc(Oc2cc(/c3ccccc2)c2ccccc2)C(=O)NCC1)c1ccc1)NC(=O)c2ccccc2)c3ccccc2nccc1c1,missing_smiles,False,SketchMolJointDiffusion/outputs/runs/sketchmol_compare_joint_diffusion_seed7/rendered_smiles_images/mol_047878.png,missing_target_image,False,False,,,SketchMolJointDiffusion/outputs/runs/sketchmol_compare_joint_diffusion_seed7/target_images_resized/mol_047878.png,C(=C/c1cnc2ccccc2c1)\c1ccccc1,0.0,False,False,0.0,False,False
,,0.0,,True,SketchMolJointDiffusion/outputs/runs/sketchmol_compare_joint_diffusion_seed7/joint_images/mol_034369.png,,,True,False,216.0,1952.4480590820312,44.18651444821181,0.0,0.0,mol_034369,False,CC(CCCC(C)N1C(=O)c2ccccc3ccccc3)c(C(C(=O)c3ccccc3)c3ccccc3)c3cccccc)C(C)C)C2)c1c1CC)C)(|CC(CCCC(C)N1C(=O)c2cc(c3ccccc3)c3ccccc3)C(C)C(CO)c4ccccccc)c3)cccc3)C(=O)C(C)c1cCO2)c)C|CC(CCCC(C)N1C(=O)c2ccccc3ccccc3)c(C(=O)C(C(C)CC(C)c3ccccc3)c3ccccc3)CC(C)CC2)c1cc)c))O(|CC(CCCC(C)N1C(=O)c2cc(c3ccccc3)c3ccccc3)C(C)C(C)C(C(C)C(=O)c3ccccc3)C(C(C)C2)c1cc)C)O(O|CC(CCCC(C)N1C(=O)c2ccccc3ccccc3)c(C(=O)C(CCC3CCC(C)c3ccccc3)C(C)c2ccccc3)cc2)c1c1CC))(c|CC(CCCC(C)N1C(=O)c2cccccccccc3ccc(C(=O)C(c3ccccc3)c3ccccc3)c3cccccc3)C3(C)C2)c1cc)C)))C|CC(CN(C(C)N1C(=O)c2ccccc3ccccc3)c3ccccc3)C(C)(C(C)c3ccccc34)c3ccccc3)C3)c2=O)c2c1Cc)C(C|CC(CC(C(C)N1C(=O)c2ccccc3ccccc3)c3ccccc3)c3cccccc4)c3)C(=O)c3ccccc3)CC(C)C(C)c1C1)2)C22,missing_smiles,False,SketchMolJointDiffusion/outputs/runs/sketchmol_compare_joint_diffusion_seed7/rendered_smiles_images/mol_034369.png,missing_target_image,False,False,,,SketchMolJointDiffusion/outputs/runs/sketchmol_compare_joint_diffusion_seed7/target_images_resized/mol_034369.png,CC(CN1C(C)CCCC1C)c1cccc(C(=O)c2ccccc2)c1,0.0,False,False,0.0,False,False
,,0.0,,True,SketchMolJointDiffusion/outputs/runs/sketchmol_compare_joint_diffusion_seed7/joint_images/mol_013755.png,,,True,False,250.0,1971.531494140625,44.401931198323176,0.0,0.0,mol_013755,False,CCCCn1c(=O)c2c(ncn2S(=O)(=O)c2ccc(OC)c(OC)c(CC3CCCC3)cc2)c(=O)n(CCCCCC)c(=O)O)c1c211C12nc2|CCCCn1c(=O)c2c(ncn2S(=O)(=O)c2ccccOCc2ccc(CCCC(CCCC3CC3)n(C)c2n(CCCCCCC2)c(=O)cccOO1C22cc)1)O)C|CCCCn1c(=O)c2c(ncn2S(=O)(=O)c2cccccc2c(OC)n(CC3CC3CC3CC2)c2OC)n(CCCCCC)c(=O)n1cc=O(CC222C)CCC)C|CCCCn1c(=O)c2c(ncn2S(=O)(=O)c2ccc(OC)c(OC)c(CC3CCCC3)c2c(=O)n2C3CC2C(C)C)c1=O)c1c1)1ccC2cCcnC)C|CCCCn1c(=O)c2c(ncn2S(=O)(=O)c2ccccOC)c(OCCC3CCCCCCC3)c2)c(=O)n(CCC2C(CCC)c1=OC)c1(cCC2C)))N)C)C|CCCCn1c(=O)c2c(ncn2S(=O)(=O)c2cc3ccc(C)n(CC(CCCCCCC3CC2)c(=O)nn(CCCC(CCC)c1C(C)c=O2CC)n2C)1CC)C|CCCCn1c(=O)c2c(ncn2S(=O)(=O)c2cccccc2)(CO)n(CC3CCCCC)n3CC)c2c1C(CCCC(CCC)c1=O)ccc11OCO21CC)CC)C|CCCCn1c(=O)c2c(ncn2S(=O)(=O)c2ccc(OC)n(CCCC(CC3CCCCC)CC2)c(=O)n(CCCCCCCC)c2ccccc1111)22OOnCC1)C,missing_smiles,False,SketchMolJointDiffusion/outputs/runs/sketchmol_compare_joint_diffusion_seed7/rendered_smiles_images/mol_013755.png,missing_target_image,False,False,,,SketchMolJointDiffusion/outputs/runs/sketchmol_compare_joint_diffusion_seed7/target_images_resized/mol_013755.png,CCCCn1c(=O)n(CC2CCC2)c(=O)c2c1ncn2S(=O)(=O)c1ccc(OC)c(OC)c1,0.0,False,False,0.0,False,False
,,0.0,,True,SketchMolJointDiffusion/outputs/runs/sketchmol_compare_joint_diffusion_seed7/joint_images/mol_031392.png,,,True,False,226.0,2273.9262084960938,47.685702348776346,0.0,0.0,mol_031392,False,CCN(CC)CN1CCCCC1)C(=O)Nc2ccccc2C(=O)N1C2c2cccnc2N1CC2CCCCC2)C2C2C(=O)c1cccccc121C311C1Ccc112CC1|CCN(CC)CN1CCCCC1)C(=O)Nc2ccccc2C(=O)N1C(=O)N1CCC(CCC2CCCC2CCCCC2)C(=O)c1cccccc1C2221C1C11C12(|CCN(CC)CN1CCCCN1CC(=O)Nc2ccccc2C(=O)N1c2c2cccnc21)C1CCCCC2)CCCC2C(=O)c2cccccc212CC1C11C11C12C1C|CCN(CC)CN1CCCCC1)C(=O)Nc2ccccc2C(=O)N1c2ccccc2n1C(N1CCCCC23CCCC2C(=O)c2cccccc21C(CCCC1C11C1CC|CCN(CC)CN1CCCCN1)C(=O)Nc2ccccc2C(=O)N1C(=O)N1CCCC(C2CCCC2)C2CCCCC)C(=O)c2ccccc22111111C11C1C1CC|CCN(CC)CN1CCCCN1CC(=O)Nc2ccccc2C(=O)N1CCc2cccnc23)C2CCC(C3CCCCC2)C(=O)cccccccc1C2C11C1C21C11C|CCN(CC)CN1CCCCC1)C(=O)Nc2ccccc2C(=O)N1C2ccccc2n1CC112C2CCC(CCCC2)C(=O)c2ccccc21CCC=CC1)11C11CC2|CCN(CC)CN1CCCCC1)C(=O)Nc2ccccc2C(=O)N1c2ccccc21)N1C2CCCCC3CCCCC2)C(=O)ccccnc2C1(CC1(C1CC1CC211C,missing_smiles,False,SketchMolJointDiffusion/outputs/runs/sketchmol_compare_joint_diffusion_seed7/rendered_smiles_images/mol_031392.png,missing_target_image,False,False,,,SketchMolJointDiffusion/outputs/runs/sketchmol_compare_joint_diffusion_seed7/target_images_resized/mol_031392.png,CCN(CC)CC1CCCCCN1CC(=O)N1c2ccccc2C(=O)Nc2cccnc21,0.0,False,False,0.0,False,False
,,0.0,,True,SketchMolJointDiffusion/outputs/runs/sketchmol_compare_joint_diffusion_seed7/joint_images/mol_008124.png,,,True,False,247.0,1889.27001953125,43.46573385474183,0.0,0.0,mol_008124,False,CC(=O)NN1CC(C)C)C(c3c[nH]c3c(cccc(C(C)(C)CC)(C)C)(C)c4cccccc(F)c45)[C@H](C)C([C@H](C)C))[C@@H][C@@H][C@@H]1C32c)34443334N|CC(=O)NN1CC(=O)NC(c2c3ccc4ccccc4)CC(C)(C)CC(C)(Cc4ccccccc(F)c5c4[C@H](C)[C@H](C)C)[C@H]3CC[C@@H]1C112|CC(=O)NN1CC(=O)C2Cc3ccc3c(c4c[nH]c4c(C(C)(C)C)C(C)(C)c4ccccc(F)ccc44)[C@H](C)[C@H](C)C3)[C@@H][C@H]1[C@@H]1N2C)3|CC(=O)NN1CC(=O)NC(c3c[nH]c4ccc4c(c3)NC(C)(C)C(C)C(CCc4cccccc(F)c4c4C)Cc44))[C@@H]3O)[C@H]2[C@@H]13142)(C)(14(2C3|CC(=O)NN1CC(=O)NC(c3ccc4c(c3)[nH]c4c(C(C)(C)(C)NC(C)c4cccccc(F)c44)[C@H](C)[C@H]4)C[C@H](O)[C@H]2[C@@H]1[C@H]11)c(34c(c(Cc3|CC(=O)NN1CC(CS)Nc2c2c3ccc4c(c(c4)C(C(C)(C(C)(C)CCc4cccccc(F)ccc4c(C34)[C@H](O)[C@H]3O)[C@@H]121C1C3cN((3)c)C|CC(=O)NN1CC(=O)NC(c3c[nH]c4c(c3c(c4)(C(C)(C)C)(C(c4ccccccccc(F)c45)[C@H](C)C4[C@H](C)[C@H]32C[C@@H]1O11)N3C4(|CC(=O)NN1CC(=O)NC(c3c[nH]c4ccc3c(c4)CN(C(C)C)(C)C(Cc4ccccccc(F)c4[nH]4)C[C@H]=4)[C@H](C)[C@H]32C[C@@H]11C)()3C4((24C3),missing_smiles,False,SketchMolJointDiffusion/outputs/runs/sketchmol_compare_joint_diffusion_seed7/rendered_smiles_images/mol_008124.png,missing_target_image,False,False,,,SketchMolJointDiffusion/outputs/runs/sketchmol_compare_joint_diffusion_seed7/target_images_resized/mol_008124.png,CC(=O)NC(=S)NC[C@@H]1C[C@@H]2c3ccc(C(C)(C)C)c4[nH]cc(c34)C[C@H]2N(C)C1,0.0,False,False,0.0,False,False
,,0.0,,True,SketchMolJointDiffusion/outputs/runs/sketchmol_compare_joint_diffusion_seed7/joint_images/mol_015209.png,,,True,False,234.0,2141.798583984375,46.27956983361422,0.0,0.0,mol_015209,False,CCOc1cc(c2ccccc2)c2c1)CN1CCN(CCN2CCN(C)C)c2cc(CN(C)c3ccccc3C)sc2S)(=O)=O)CC1)ssn111nc1O|CCOc1cc(c2ccccc2)C(CN2CCN(CCN(CN(CCN(C)C)c2ccccc2)c2nc3ccccc34)CC2C(=O)n1OC)ncss1211c)(3))(1O))|CCOc1cc(c2ccccc2)c2cc(CN(CCN2CCN(CCN(C)C)c2nccc2cc(Sc3ccccc3)cs2)C(=O)N(C)C1sCnn111nC)C()CO)C))|CCOc1cc(c2ccccc2)c2ccc(CN(CN2CCN(CCN(C)C)c2ccccc2)c3ccccc3)S(C)(=O)(O)n1SCC2)sns11nnC)CO)CC(1)C|CCOc1cc(c2ccccc2)C(CN(CCN2CCN(CN2CCN(C)C2)c3ccccc3)c3ccccc3C)cccCN1CCN(C)CC2)ssn11s1c(n))CCnO))|CCOc1cc(c2ccccc2)C(CN1CCN(CN2CCN(C)CC2)s2)c3ccccc3)c3ccccc3C)CN(C)N(C))c(OC)ncsn1c1nC1O|CCOc1cc(c2ccccc2)c2N1CCN(CCN(CCN2CCN(C)C)c2cccsC)cc2Sc3ccccc3)cc2S(=O)n1CCC2)csn1O1(c)1n)N|CCOc1cc(c2ccccc2)c2ccc(CN(CN2CCN(CCN(C)C)cc2)c2ccc(-c3ccccc3C)c1SS(=O)=O)sc)scs1111n)1O()C,missing_smiles,False,SketchMolJointDiffusion/outputs/runs/sketchmol_compare_joint_diffusion_seed7/rendered_smiles_images/mol_015209.png,missing_target_image,False,False,,,SketchMolJointDiffusion/outputs/runs/sketchmol_compare_joint_diffusion_seed7/target_images_resized/mol_015209.png,CCOc1ccccc1C(c1cc(C)ns1)N1CCN(C)CC1,0.0,False,False,0.0,False,False
,,0.0,,True,SketchMolJointDiffusion/outputs/runs/sketchmol_compare_joint_diffusion_seed7/joint_images/mol_003536.png,,,True,False,245.0,2769.2113647460938,52.62329678712741,0.0,0.0,mol_003536,False,O=C(O)[C@@H](Cc1ccccc1)NC(=O)(=O)NS(=O)(=O)(=O)c1ccccc1)NCCC(=O)c1ccccc1)c1cccccccccccccccc1|O=C(O)[C@@H](Cc1ccccc1)NC(=O)(=O)NS(=O)(=O)c1cccccccc1)C1CCC)C(=O)c1ccc1c11cccccccccc1ccccc1|O=C(O)[C@@H](Cc1ccccc1)NS(=O)(=O)NS(=O)(=O)N=C(c1ccccc1)CCCC(=O)c1ccccc1)c1cccccccccccc1cc11|O=C(O)[C@@H](Cc1ccccc1)NC(=O)(=O)NS(=O)(=O)c1ccc2ccccc2)c11C(=O)c1ccccc1)c1cccccccccccc1cc(ccc|O=C(O)[C@@H](Cc1ccccc1)NC(=O)(=O)NS(=O)(=O)c1ccccccccc1)C(CC)C(=O)ccccccc1)cccccccccccc1ccc11C|O=C(O)[C@@H](Cc1ccccc1)NS(=O)(=O)NS(=O)c1ccccc1)c1ccccc1)C(C)C(=O)c1ccccc1)cccccccccc1c1cc(c|O=C(O)[C@@H](Cc1ccccc1)NS(=O)(=O)NS(=O)(O)=O)c1ccccccc1)N(C)C(=O)c1ccccc1)c1ccccccccccc1cc=c1c1c11)c|O=C(O)[C@@H](Cc1ccccc1)NS(=O)(=O)NS(=O)(=O)N=C(c1ccccc1)NCCC(=O)c1ccccc1)c1cccccccccccc1cc1C1c1cc1)c,missing_smiles,False,SketchMolJointDiffusion/outputs/runs/sketchmol_compare_joint_diffusion_seed7/rendered_smiles_images/mol_003536.png,missing_target_image,False,False,,,SketchMolJointDiffusion/outputs/runs/sketchmol_compare_joint_diffusion_seed7/target_images_resized/mol_003536.png,O=C[C@H](Cc1ccccc1)NC(=O)C(Cc1ccccc1)NS(=O)(=O)c1ccccc1,0.0,False,False,0.0,False,False
,,0.0,,True,SketchMolJointDiffusion/outputs/runs/sketchmol_compare_joint_diffusion_seed7/joint_images/mol_042816.png,,,True,False,204.0,1760.10546875,41.95361091431821,0.0,0.0,mol_042816,False,CC(C)Oc1ccc(OC(=O)Nc1ccccc2)N2CCOCC2)c1)C(=O)N1CCC(C2CCC(C2)C2CCCC2C1)C1CC(C)CC(C)O(12NC)CCCCCC|CC(C)Oc1ccc(NC(=O)Nc1ccccc1ON2CCC(C2)c1)C(=O)N1CCC(C2CN(C(C2CC2CCC(C1CC1CCCCC2C)C11(C)O))C)CCC1|CC(C)Oc1ccc(OC(=O)Nc1ccccc2ON2CC2CC2)c1)C(=O)N1CCC(C2CNC(=OCC2C2CC2CO)C1CCCC1CC1C11(C)O())1CCCN|CC(C)Oc1ccc(OC(=O)Nc1ccccc2OC(C(C(CO)N1)C(=O)N1CCC(C2CN1C(=O)C2CCC(C1)C1CCCC2)C1CC1C12C)CCCCCCC|CC(C)Oc1ccc(NC(=O)Nc1ccccc2OC(C(C(=O)OC1C(=O)N2CCC(C2CNCC2CCC(C2)C2CC2CCCC(C)C11C1C)CNC)2)CCCC(|CC(C)Oc1ccc(OC(=O)Nc1ccccc1)N1CCCC(COC(=O)N1CCCC(C)C2)NC(=O)C2CCCCCC1)C1CCCCC2C(C11(CCC))CCCCC1|CC(C)Oc1ccc(OC(=O)Nc1ccccc2ON2CCCC2)N(O)C(=O)N2CCC(C2)N2)C2C(CN2CCC(C)CCC1CC)C21C11C1CN)OCCCCC1|CC(C)Oc1ccc(OC(=O)Nc1ccccc2ON2CCC(C(=O)OC(C)N2CCCC2)N2CCCCCC(C2CC2CCC)C1CC1CC(C)C121CC))),missing_smiles,False,SketchMolJointDiffusion/outputs/runs/sketchmol_compare_joint_diffusion_seed7/rendered_smiles_images/mol_042816.png,missing_target_image,False,False,,,SketchMolJointDiffusion/outputs/runs/sketchmol_compare_joint_diffusion_seed7/target_images_resized/mol_042816.png,CC(C)Oc1ccccc1NC(=O)NC1CC2CCC(C1)N2C,0.0,False,False,0.0,False,False
,,0.0,,True,SketchMolJointDiffusion/outputs/runs/sketchmol_compare_joint_diffusion_seed7/joint_images/mol_019241.png,,,True,False,232.0,2202.9014892578125,46.935077386298325,0.0,0.0,mol_019241,False,COC(=O)C(=N)/C=C(\O)c2ccccc/C=C(C(=O)c3ccccc3)C(C)c3ccccc3ccccc3)C2)c3ccccc3)c1OCc|COC(=O)C(=N)/C=C(\O)c1cccc(/C=C\C(=O)c2ccccc2)c2ccccOC(=O)c3ccccc3)c2cccccc2)C)c1c(111c|COC(=O)C(=N)/C=C(\O)c2ccccc2)C(=O)OCccccccc2)c2cccc2)C(=O)c3ccccc3)c2)ccccccc2)c1cc(c|COC(=O)C(=N)/C=C(\O)c2cccc(/C(=N)C(=O)c2ccccc2)Ccc3ccccc3)c3ccccc3)c2)ccccccc2)c1(1(1)C|COC(=O)C(=N)/C=C(\O)c1cccc(/C(=O)NC(/c2cccccc(OC)c3ccccc3)c3ccccc3)cc2ccccc2)c)c1cc11)O|COC(=O)C(=N)/C=C(\O)c1cccc(/C=C(C(=O)O)/ccO)c3ccccc3)C(=O)c3ccccc3)c2)c2ccccc2)c1ccCc(C(cccccC/1CC\\((CCCCCCC=C(Cc(C\((\C(CC)CCC|COC(=O)C(=N)/C=C(\O)c1cccc(/C(C(C(=O)c2ccccc2)C(c2ccccc2)c3ccccc3)C(=O)ccccccccc111(N)O(Cccc2)/|COC(=O)C(=N)/C=C(\O)c2cccc(/C(=N\NC(ccccccc3)c2ccc3ccccc3)c3ccccc3)c2cccccc2)c)C1c(cc(c,missing_smiles,False,SketchMolJointDiffusion/outputs/runs/sketchmol_compare_joint_diffusion_seed7/rendered_smiles_images/mol_019241.png,missing_target_image,False,False,,,SketchMolJointDiffusion/outputs/runs/sketchmol_compare_joint_diffusion_seed7/target_images_resized/mol_019241.png,COC(=O)C(=N)/C=C(\O)c1ccccc1,0.0,False,False,0.0,False,False
,,0.0,,True,SketchMolJointDiffusion/outputs/runs/sketchmol_compare_joint_diffusion_seed7/joint_images/mol_027218.png,,,True,False,232.0,2242.0040283203125,47.349804944902495,0.0,0.0,mol_027218,False,CCCOc1ccc2c(c1)[C@@H](c1ccc(OC)c1)C(=O)O)O)[C@H](C(=O)O)[C@H]1OCOc2cccccc(c2)OCO4)ccccc1)CO)[C@H]cc1)c1c|CCCOc1ccc2c(c1)[C@@H](c1ccc(OC)c1)C(=O)O)O)[C@H](C(=O)O)[C@H]1OCOc2cccccc(c2)OCO4)cc3c2)OCO3ccc11c1c|CCCOc1ccc2c(c1)[C@@H](c1ccc(OC)cc1)OC(=O)O)[C@H](C(=O)OC(=O)O[C@@H](c2ccc(c2)OCO4(cc3c1)OCCO)O1cC)ccc|CCCOc1ccc2c(c1)[C@@H](c1ccc(OC)c1)[C@@H](C(=O)O)[C@H](C(=O)O)[C@H]C[C@H]([C@H]2c2ccc3c()c2)OCO4)cc1)OCO3CO1c1cccc|CCCOc1ccc2c(c1)[C@@H](c1ccc(OC)c1)OCC(=O)O)[C@H](C(=O)O)[C@H]1CC[C@@H](c3ccccc(c2)OC)cc1)ccc12)O3ccc1)c2221c(2O|CCCOc1ccc2c(c1)[C@@H](c1ccc(OC)cc1)OC(=O)O)[C@H](C(=O)O)OC[C@H]2[C@H]2c2ccc3c(c2)OC)cc1)OCO4)O2)O3c1)ccc|CCCOc1ccc2c(c1)[C@@H](c1ccc(OC)cc1)OC(=O)O)[C@H](C(=O)O)[C@H](OCOc2cccccc(c2)OCO4)cc1)C(2)O3ccc1)c2c|CCCOc1ccc2c(c1)[C@@H](c1ccc(OC)c1)[C@@H](C(=O)O)[C@H](C(=O)O)[C@H](OCOc2cccccc(c2)OCO4)cc1)OCO4OOO)c1cccc,missing_smiles,False,SketchMolJointDiffusion/outputs/runs/sketchmol_compare_joint_diffusion_seed7/rendered_smiles_images/mol_027218.png,missing_target_image,False,False,,,SketchMolJointDiffusion/outputs/runs/sketchmol_compare_joint_diffusion_seed7/target_images_resized/mol_027218.png,CCCOc1ccc2c(c1)[C@@H](c1ccc(OC)cc1)[C@H](C(=O)O)[C@H]2c1ccc2c(c1)OCO2,0.0,False,False,0.0,False,False
,,0.0,,True,SketchMolJointDiffusion/outputs/runs/sketchmol_compare_joint_diffusion_seed7/joint_images/mol_002580.png,,,True,False,239.0,2847.7708129882812,53.3645089267041,0.0,0.0,mol_002580,False,O=C1Nc2ccccc2)=C(c2ccccc2)NC2=N)Nc2c2cccnc2)c1C1=NC(c1cccc3)c2ccccc2)c2cccccc1)N1n1111c|O=C1Nc(ccccccc2)(c2ccccccc2)=C(N2)Nc2ccccc2)N2C1=NC(c1cccc3)c2ccccc2)c2cccccc1)N1c1111c1c|O=C1Nc(ccccc2c2C(c2ccccc2)NC(=O)NC22ccccc2)NNC1=N/c1cccc(C(c3ccccc2)c2ccccccc1)N1n1112c11|O=C1Nc2ccccc2)=C(c2ccccc2)NC(=2)NC(c2cccnc2)=N1CNC(C2=NC(=O)c2ccccc2)=Nc1ccccc1N1211c1211c121|O=C1Nc(ccccc2c1C(c2ccccc2)NC2=N)NC2=NC(=O)N1)3ncc(C3ccccC3=2)c2ccccc2)Nc1cccc1Nc1c111cc|O=C1Nc(ccccccc2)(c2ccccc2)NC(=C)N2(c2ccncc2)(C1)N=C(c2ccccc2)c2ccccc2)c2ccccc1NN1c11c1c|O=C1Nc2ccccc2)=C(c2ccccc2)NC(c2=NCc22ccccc2)(C1=NC1(c2cncc=O)c2ccccc3)N2)cccc1)N1N11c1)11|O=C1Nc(ccccc2c1C(c2ccccc2)NC(=O)Nc2cccccc2)C(C1=N/C(c2ccccc2)c2cccc1C2=O)ccccc1N1c11c11,missing_smiles,False,SketchMolJointDiffusion/outputs/runs/sketchmol_compare_joint_diffusion_seed7/rendered_smiles_images/mol_002580.png,missing_target_image,False,False,,,SketchMolJointDiffusion/outputs/runs/sketchmol_compare_joint_diffusion_seed7/target_images_resized/mol_002580.png,O=C1NC(c2cccnc2)Nc2ccccc21,0.0,False,False,0.0,False,False
,,0.0,,True,SketchMolJointDiffusion/outputs/runs/sketchmol_compare_joint_diffusion_seed7/joint_images/mol_018385.png,,,True,False,244.0,1644.894287109375,40.55729634861494,0.0,0.0,mol_018385,False,CN(C)C1[C@@H]2CC(C[C@@H](NC(=O)(=O)c(Cl)cc2)CC(OCc2ccc(O)c(Cl)c4))c3)C(=O)NN3CCCC2)C2(C)CC2C1111C)CC(CC)C)C|CN(C)C1[C@@H]2CC(C[C@@H](N)(=O)(=O)C(=O)(c)cc(Cl)c(Cl)c(OCc4ccc(Cl)c2)C(=O)N3CCCC3)c2)CCCC2)C1111C2C|CN(C)C1[C@@H]2CC(C[C@@H](NC(=O)(=O)c(Cl)c(Cl)c(NCC(=C)NC4C3CCNCCc4cccc(O)c3)CCCC3)c2)CCCC21C1C1)C)C|CN(C)C1[C@@H]2CC(C[C@@H](NC(=O)(=O)c(Cl)cc2)CC(c2cc(Cl)c())c2)CN(CCc2ccc(Cl)c2)C(C)=O)CCCC2)C1C11C2CC(CCC)CC|CN(C)C1[C@@H]2CCCC[C@@H](NC(=O)(=O)c3ccc(Cl)c(Cl)c(OCC(CCCc4ccc(Cl)c4)C(=O)N3CCCC3)CC2)CCN(CC1)12CCC|CN(C)C1[C@@H]2CC(C[C@@H]2NC(=O)(=O)c(Cl)c(Cl)c3)CCccccc(O)cc()cc3)C(=O)NCCCNCCCCC3)cc2)CC2CC111CCCC|CN(C)C1[C@@H]2CC(C[C@@H]2NC(=O)(=O)C(Cl)cc2)c2cccc(O)c(Cl)c(Cl)cc(CC(CCC(=O)N3CCCC3)cc2)CC1)O1C1CCCC|CN(C)C1[C@@H]2CCCC[C@@H](NC(=O)(=O)C(=O)c2ccc(O)c(Cl)c(Cl)c(Cl)c(Cl)c(CC(=O)N3CCCC3)CC2)CC(C)C1)11CCC,missing_smiles,False,SketchMolJointDiffusion/outputs/runs/sketchmol_compare_joint_diffusion_seed7/rendered_smiles_images/mol_018385.png,missing_target_image,False,False,,,SketchMolJointDiffusion/outputs/runs/sketchmol_compare_joint_diffusion_seed7/target_images_resized/mol_018385.png,CN1CCC[C@@]12CCCC[C@@H]2NC(=O)Cc1ccc(Cl)c(Cl)c1,0.0,False,False,0.0,False,False
,,0.0,,True,SketchMolJointDiffusion/outputs/runs/sketchmol_compare_joint_diffusion_seed7/joint_images/mol_001512.png,,,True,False,243.0,2028.3631591796875,45.03735293264567,0.0,0.0,mol_001512,False,CCNCC1CCN(c2c(F)cc3c(=O)c(C(=O)O)cn(C4CCCCCC4)c4cc(F)cc32)c2ccc(F)cc(F)c2F)CC2)C11FCFcCC44cCF)(|CCNCC1CCN(c2c(F)cc3c(=ccc(C(=O)O)cn(C44CCCCC4)c4c4cc(F)cc(F)c4F)cccc3c2F)C2)CCC1)F1[O]c2Cc44cC)c(|CCNCC1CCN(c2c(F)cc3c(cc(c(C(=O)O)cn(C4CCCCCC4)c4c34)cc(F)cc(F)c(F)cc2F)c2F)C(C)C)1C[O]F2C)34c3)4(|CCNCC1CCN(c2c(F)cc3=O)c(c(C(=O)O)cn(C4CCCCCC4)cc5c45)c(F)cc(F)c(F)cc3F)c2F)CC2)C1)C[O]c3Cc44c4)cN|CCNCC1CCN(c2c(F)cc3c2)ccc(C(=O)O)cn(C44CCCCC4)c6ccc())c44)c3c(FF)c3c2F)c(F)CC2)CC1F[O]c3C)ccc41c(|CCNCC1CCN(c2c(F)cc(=O)c(c(C(=O)O)cn(C4CCCCCC4)ccc4F)c(F)ccc4c4cc(F)c3c2F)C2CCF)C1)C[O]F3C)CccC)cC|CCNCC1CCN(c2c(F)cc(=O)c(c(C(=O)O)cn(C4CCCCCC4)c4c(F)c4F)c4c3c(F)cccc2F)c(F)CC2)C1)))O3CC4432Fc(|CCNCC1CCN(c2c(F)cc(=O)c(c(C(=O)O)cn(C4CCCCCC4)C4CC4)c43)ccc4ccc(F)cc3F)c2F)C1)CC)FF[O]FcCCO4cCFc(,missing_smiles,False,SketchMolJointDiffusion/outputs/runs/sketchmol_compare_joint_diffusion_seed7/rendered_smiles_images/mol_001512.png,missing_target_image,False,False,,,SketchMolJointDiffusion/outputs/runs/sketchmol_compare_joint_diffusion_seed7/target_images_resized/mol_001512.png,CCNCC1CCN(c2c(F)cc3c(=O)c(C(=O)O)cn(C4CCCC4)c3c2F)C1,0.0,False,False,0.0,False,False
,,0.0,,True,SketchMolJointDiffusion/outputs/runs/sketchmol_compare_joint_diffusion_seed7/joint_images/mol_020872.png,,,True,False,236.0,2021.93798828125,44.9659647764979,0.0,0.0,mol_020872,False,CS(=O)O)Cc2ccc(C3CN(C)c4ccc(O)cc3)c(C(=O)N(C)N2CCN(Cc3cccc(O)c4O)n3(O)c2)c(=O)c1nc1nc(|CS(=O)O)Cc2ccc(C3CN(C)c4ccc(O)cc))C(O)=O)(=O)c1ccc(-c3cccc(O)c(O))c(O)n3)c2)nc11)c1NcOC(3|CS(=O)O)Cc2ccc(C3CN(C)c4ccc(O)cc3)c(C(=O)c4ccc(O)c(-c3cccc(O)c3)CCN3CO)c(O)c2)n1111nO)S|CS(=O)O)Nc2ccc(C3CN(CCc3ccc(O)cc3)c(CO)cc)OC(=O)N(Cc4ccccc(O)c3O)c22O)C(C)(O)n11)Cn1O12)n|CS(=O)O)Cc2ccc(C3CN(C)c4ccc(O)cc3)c(C(=O)(=O)N2CCCN(Cc3ccc(O)cc4)CN3CO)c(O)n2)n11c1Nc2O(C|CS(=O)O)Cc2ccc(C3CN(C)CCccc(O)c3)c(-c3ccccOOC(=O)N(Cc3ccccc(O)c4)[C@@H]3C4)nc(O)n2)n11N1Nc3C|CS(=O)O)Cc2ccc(C3CN(C)c3ccc(O)cc3)c(OCCO)c(C(=OCN(Cc4ccccc(O)c4)cc)n4)nc(O)c2c11nc1nc)1n(|CS(=O)O)Cc2ccc(C(C)(C)c3ccc(O)cc3)c(CC(O)C(=O)N2CCN(Cc2ccc(O)cc4)C4)O3)c(O)n22n1111ncNO),missing_smiles,False,SketchMolJointDiffusion/outputs/runs/sketchmol_compare_joint_diffusion_seed7/rendered_smiles_images/mol_020872.png,missing_target_image,False,False,,,SketchMolJointDiffusion/outputs/runs/sketchmol_compare_joint_diffusion_seed7/target_images_resized/mol_020872.png,C[C@H]1COCCN1c1cc(CS(C)(=O)=O)nc(-c2cccc(O)c2)n1,0.0,False,False,0.0,False,False
,,0.0,,True,SketchMolJointDiffusion/outputs/runs/sketchmol_compare_joint_diffusion_seed7/joint_images/mol_020828.png,,,True,False,228.0,1850.286865234375,43.014960946563406,0.0,0.0,mol_020828,False,Cc1ccc(Oc2ccc(OCc3ccc(C(=O)O)ccc3C(=O)O)c3ccc(Cl)c(Cl)cc3Clcc(OC)c(Cl)c2C)=O)cc(C)cc11)|Cc1ccc(Oc2ccc(Cl)cc2ccCC(=O)O)c(C(=O)O)c3ccc(Cl)c3Cl)c3)c2ccc(Cl)c(Cl)cc(C(=O)O)c2)cc1cCl)O(c)((cccC(|Cc1ccc(Oc2ccc(Cl)cc2)c(CCC(=O)O)cCC(=O)OCc2ccc(C)cc33)C(=O)c2ccc(Cl)c(Cl)cc(Cl)c2)cc1cCl|Cc1ccc(Oc2ccc(Cl)cc2C((O)OO)C(C)CCC(=O)c2ccc(C)c(CC)ccc(Cl)c(C(=O)O)c(Cl)cc(Cl)c2)cc1C)|Cc1ccc(Oc2ccc(OCccccc(CC=O)O)cc2CC(=O)c3c(c(Cl)c(Cl)cc3Cl)c(C(=O)O)CC(=O)cc(Cl)c2)cc1Cl|Cc1ccc(Oc2ccc(O)cc2CC(=O)OCC(=O)O)c(Cl)ccc3Cl)c(C)cc2C(=O)OCc2ccc(Cl)c(Cl)c2)cc(Cl)cc1c())Occ|Cc1ccc(Oc2ccc(Cl)cc2CCCC(=O)O)c(C(=O)O)c2ccc(Cl)c(Cl)c(OCc2ccc(Cl)cc2C(=O)OC(Cl)c2)cc1Cl|Cc1ccc(Oc2ccc(Cl)cc2CC(=O)O)c(CCCCC(=O)c3c(Cl)c3)ccc(Cl)c3ccc(Cl)cc2Cl)C(=O)O)cc(C)cc1c,missing_smiles,False,SketchMolJointDiffusion/outputs/runs/sketchmol_compare_joint_diffusion_seed7/rendered_smiles_images/mol_020828.png,missing_target_image,False,False,,,SketchMolJointDiffusion/outputs/runs/sketchmol_compare_joint_diffusion_seed7/target_images_resized/mol_020828.png,Cc1ccc(Oc2cc(C)ccc2CC(=O)O)c(Cl)c1,0.0,False,False,0.0,False,False
