label,source_similarity_loss_weight,hard_negative_loss_weight,source_aware_shared_gradient,rows,target_fingerprint_cosine,source_fingerprint_cosine,source_target_fingerprint_cosine,prior_target_fingerprint_cosine,target_fp_gain_vs_source_target,target_fp_gain_vs_prior,target_property_mae,prior_target_property_mae,property_mae_minus_prior,delta_mae,prior_delta_mae,delta_mae_minus_prior,latent_mae,generated_minus_prior_latent_mae,train_source_similarity_mse,train_source_aware_hard_negative,eval_metrics
balanced_005_001,0.05,0.01,False,1000,0.3991557675956139,0.3833639460950565,0.7987357662496573,0.45829754148444,-0.39957999865404337,-0.05914177388882613,8.394239890813827,8.437199594318868,-0.042959703505040636,2.2909055217951537,2.0118536347448828,0.27905188705027095,0.2664398922175169,0.12339983823895455,0.13707650433461938,0.2592865736403847,SketchMol-Unified-3MDiffusion/outputs/unified_generation_3m_sourceaware_sweep_v2/balanced_005_001/eval_latent/metrics.json
balanced_005_002,0.05,0.02,False,1000,0.40222834454813144,0.3883198431540994,0.7987357662496573,0.4591128964814096,-0.3965074217015258,-0.05688455193327818,9.356960086762905,8.786762146174908,0.5701979405879971,2.9212413906753065,3.0072387781739236,-0.08599738749861707,0.29328216588497164,0.1682304280810058,0.1374429116666035,0.19725158091725659,SketchMol-Unified-3MDiffusion/outputs/unified_generation_3m_sourceaware_sweep_v2/balanced_005_002/eval_latent/metrics.json
balanced_010_002,0.1,0.02,False,1000,0.3858500777478146,0.3740321871967404,0.7987357662496573,0.46457018966442465,-0.41288568850184265,-0.07872011191661005,8.324833722352981,9.16346928986907,-0.8386355675160893,3.6297590698599818,2.096824998036027,1.5329340718239548,0.29188391952216625,0.18182300525903702,0.13764782025469965,0.23599225459965836,SketchMol-Unified-3MDiffusion/outputs/unified_generation_3m_sourceaware_sweep_v2/balanced_010_002/eval_latent/metrics.json
balanced_015_003,0.15,0.03,False,1000,0.3832032661477773,0.3697514860396732,0.7987357662496573,0.454009699700679,-0.41553250010188,-0.07080643355290173,8.721632733941078,7.692359701097011,1.029273032844067,3.6498356369137763,2.5508795048594477,1.0989561320543286,0.2916057661473751,0.15793505445867778,0.13393189903195912,0.20793202850194362,SketchMol-Unified-3MDiffusion/outputs/unified_generation_3m_sourceaware_sweep_v2/balanced_015_003/eval_latent/metrics.json
balanced_015_005,0.15,0.05,False,1000,0.381451966185747,0.3659757401833272,0.7987357662496573,0.46461983045082966,-0.41728380006391025,-0.08316786426508266,8.863814346671104,8.381251557290554,0.48256278938055,2.245622943550348,2.18181457054615,0.06380837300419806,0.2788021610826254,0.125347097620368,0.1445776738214662,0.18034281253802936,SketchMol-Unified-3MDiffusion/outputs/unified_generation_3m_sourceaware_sweep_v2/balanced_015_005/eval_latent/metrics.json
balanced_020_005,0.2,0.05,False,1000,0.37360749710614477,0.36203998256931785,0.7987357662496573,0.4614016252445064,-0.4251282691435125,-0.08779412813836163,8.770010524660348,7.884527778565884,0.8854827460944641,2.9953138272166253,2.1396510449051855,0.8556627823114398,0.2885728011280298,0.14610634605959058,0.13881216766400856,0.18187671608711287,SketchMol-Unified-3MDiffusion/outputs/unified_generation_3m_sourceaware_sweep_v2/balanced_020_005/eval_latent/metrics.json
balanced_030_005,0.3,0.05,False,1000,0.3706513155944467,0.3618114237868647,0.7987357662496573,0.4594373652836631,-0.42808445065521056,-0.08878604968921638,8.288924336016178,9.476880117177963,-1.1879557811617847,3.073633722960949,2.1020282977074385,0.9716054252535105,0.28556327237188817,0.16901376952975988,0.1313388299855054,0.20432946829223783,SketchMol-Unified-3MDiffusion/outputs/unified_generation_3m_sourceaware_sweep_v2/balanced_030_005/eval_latent/metrics.json
balanced_030_010,0.3,0.1,False,1000,0.37189607779587086,0.35909675968201904,0.7987357662496573,0.4627816672712194,-0.4268396884537864,-0.09088558947534853,8.407594860255719,8.049860830426216,0.3577340298295031,2.728958811968565,2.312966073445976,0.415992738522589,0.28076450812071563,0.15348748920857908,0.14265579185580793,0.14838460689497304,SketchMol-Unified-3MDiffusion/outputs/unified_generation_3m_sourceaware_sweep_v2/balanced_030_010/eval_latent/metrics.json
baseline,0.0,0.0,False,1000,0.39477152349160083,0.3790029773312861,0.7987357662496573,0.4528420207459677,-0.4039642427580564,-0.05807049725436686,9.24934901636839,8.732120049118995,0.5172289672493946,2.356903390660882,2.1288210579901934,0.22808233267068845,0.2838932259529829,0.11184355710446835,,,SketchMol-Unified-3MDiffusion/outputs/unified_generation_3m_sourceaware_sweep_v2/baseline/eval_latent/metrics.json
hard001_head,0.0,0.01,False,1000,0.39894197416571864,0.3827404775767287,0.7987357662496573,0.4603397103096589,-0.3997937920839386,-0.061397736143940285,8.441948766767979,8.276476979017257,0.1654717877507217,4.555703207448125,2.3131589162647725,2.242544291183352,0.29834702925384043,0.1528239682652056,0.14465979396215747,0.24595097277457542,SketchMol-Unified-3MDiffusion/outputs/unified_generation_3m_sourceaware_sweep_v2/hard001_head/eval_latent/metrics.json
hard002_head,0.0,0.02,False,1000,0.4083410136471638,0.3925476694625872,0.7987357662496573,0.4624892450402402,-0.39039475260249346,-0.054148231393076396,8.623960830420256,8.091514340043068,0.5324464903771879,2.1375977940261364,2.3660878245532513,-0.22849003052711492,0.27084400672465564,0.11924128103628755,0.15127681002420393,0.20168796007910297,SketchMol-Unified-3MDiffusion/outputs/unified_generation_3m_sourceaware_sweep_v2/hard002_head/eval_latent/metrics.json
hard005_head,0.0,0.05,False,1000,0.4086159231253589,0.3939748563863624,0.7987357662496573,0.4737077956478459,-0.39011984312429837,-0.065091872522487,9.338724649071693,9.720802213788032,-0.38207756471633836,2.6130903016030786,2.3746494379788636,0.23844086362421502,0.29438297137618064,0.1400942247658968,0.16469322421150254,0.13838135375367108,SketchMol-Unified-3MDiffusion/outputs/unified_generation_3m_sourceaware_sweep_v2/hard005_head/eval_latent/metrics.json
hard010_head,0.0,0.1,False,1000,0.3876588723816053,0.37378210695386577,0.7987357662496573,0.4730078864504063,-0.41107689386805196,-0.08534901406880102,9.190627860039472,8.411926819443703,0.7787010405957684,2.274627663806081,2.1413425461053848,0.13328511770069618,0.2898312550857663,0.1489711381047964,0.17667546159108918,0.09605657518198148,SketchMol-Unified-3MDiffusion/outputs/unified_generation_3m_sourceaware_sweep_v2/hard010_head/eval_latent/metrics.json
hard015_head,0.0,0.15,False,1000,0.35928856290630357,0.34436724258540996,0.7987357662496573,0.46083311142829636,-0.4394472033433537,-0.1015445485219928,10.055300523206592,8.069620916366578,1.985679606840014,2.677698385223746,2.153120382487774,0.5245780027359723,0.3127742324322462,0.2208301717787981,0.18962846246286522,0.09057510112748197,SketchMol-Unified-3MDiffusion/outputs/unified_generation_3m_sourceaware_sweep_v2/hard015_head/eval_latent/metrics.json
hard_cool,0.0,0.05,False,1000,0.38734330952472074,0.3746783137393207,0.7987357662496573,0.4664982762076572,-0.4113924567249365,-0.07915496668293648,9.18648552286625,7.769764970242977,1.4167205526232722,4.161812948927284,2.3578239724636076,1.803988976463676,0.3133250353038311,0.19447071889787912,0.17169956172513848,0.15914535536574112,SketchMol-Unified-3MDiffusion/outputs/unified_generation_3m_sourceaware_sweep_v2/hard_cool/eval_latent/metrics.json
margin_high_015_005,0.15,0.05,False,1000,0.3830651925678538,0.3700423653966234,0.7987357662496573,0.46614251638429854,-0.41567057368180343,-0.08307732381644473,8.253705507606268,7.864273254573345,0.38943225303292284,2.472880010172725,2.430872284397483,0.04200772577524203,0.2728610113784671,0.13312703581899404,0.14192977173941368,0.20337132220145465,SketchMol-Unified-3MDiffusion/outputs/unified_generation_3m_sourceaware_sweep_v2/margin_high_015_005/eval_latent/metrics.json
margin_low_015_005,0.15,0.05,False,1000,0.3854763880391766,0.37155255881614585,0.7987357662496573,0.46381940568006563,-0.41325937821048064,-0.07834301764088902,8.232198824346066,8.656479198276996,-0.4242803739309302,2.717226444363594,2.4581483146101237,0.25907812975347033,0.2772230857238174,0.14170748398080468,0.1436296331311344,0.15786203971219373,SketchMol-Unified-3MDiffusion/outputs/unified_generation_3m_sourceaware_sweep_v2/margin_low_015_005/eval_latent/metrics.json
shared_low,0.05,0.02,True,1000,0.3719638388945542,0.36027924493435953,0.7987357662496573,0.4606363530060696,-0.42677192735510305,-0.08867251411151539,8.62774459761381,8.948073612421751,-0.32032901480794074,4.132954286545515,2.1051291598975657,2.0278251266479494,0.3034599225372076,0.17619041488319637,0.1433735888169297,0.22251474024064916,SketchMol-Unified-3MDiffusion/outputs/unified_generation_3m_sourceaware_sweep_v2/shared_low/eval_latent/metrics.json
shared_mid,0.1,0.03,True,1000,0.386164509653725,0.37526134696510016,0.7987357662496573,0.461553366654487,-0.41257125659593225,-0.07538885700076198,8.828476515293122,8.376102496922016,0.45237401837110625,2.4379026084840296,2.181302699521184,0.25659990896284546,0.2783241221308708,0.1299225456789136,0.13346633510752243,0.18028371666882248,SketchMol-Unified-3MDiffusion/outputs/unified_generation_3m_sourceaware_sweep_v2/shared_mid/eval_latent/metrics.json
shared_tiny,0.02,0.01,True,1000,0.41122472869268595,0.39582143399800235,0.7987357662496573,0.4586490440739591,-0.3875110375569713,-0.047424315381273174,8.681796352267265,8.490848371326923,0.19094798094034182,2.677494664281607,2.410488546565175,0.267006117716432,0.27409463438391685,0.12119952627271414,0.13858200338807203,0.24299651750414128,SketchMol-Unified-3MDiffusion/outputs/unified_generation_3m_sourceaware_sweep_v2/shared_tiny/eval_latent/metrics.json
sim002_head,0.02,0.0,False,1000,0.3761149589341121,0.3586543517449735,0.7987357662496573,0.44723384918384534,-0.42262080731554513,-0.07111889024973322,8.088547028899193,8.058042834103107,0.03050419479608557,3.411769590899348,2.1160171661972997,1.2957524247020484,0.27831801487505436,0.13186672848463057,0.13523880880596323,0.319890965537801,SketchMol-Unified-3MDiffusion/outputs/unified_generation_3m_sourceaware_sweep_v2/sim002_head/eval_latent/metrics.json
sim005_head,0.05,0.0,False,1000,0.4003608154312877,0.3850092847289372,0.7987357662496573,0.4497463869160764,-0.39837495081836954,-0.04938557148478867,8.061142812490463,8.546704696476459,-0.4855618839859961,2.8799686565101146,2.135662640094757,0.7443060164153574,0.2718347238972783,0.11437571754679084,0.1349547759861882,0.35241509260111376,SketchMol-Unified-3MDiffusion/outputs/unified_generation_3m_sourceaware_sweep_v2/sim005_head/eval_latent/metrics.json
sim010_head,0.1,0.0,False,1000,0.3833146983510567,0.37118418899123773,0.7987357662496573,0.4466761774918836,-0.41542106789860056,-0.0633614791408269,8.067315437823535,7.501051333248615,0.5662641045749197,3.1630926307439804,2.4299027151465418,0.7331899155974386,0.27938739681243896,0.12430269041657448,0.13029952535893452,0.35903964556265555,SketchMol-Unified-3MDiffusion/outputs/unified_generation_3m_sourceaware_sweep_v2/sim010_head/eval_latent/metrics.json
sim015_head,0.15,0.0,False,1000,0.38423322985660724,0.37216765849683264,0.7987357662496573,0.45006357850635553,-0.41450253639305,-0.0658303486497483,9.279279905080795,8.518029059052468,0.7612508460283269,2.4940171220302583,1.9693954205214976,0.5246217015087606,0.2806740625947714,0.11465075561404228,0.12531650940114955,0.3653284431315353,SketchMol-Unified-3MDiffusion/outputs/unified_generation_3m_sourceaware_sweep_v2/sim015_head/eval_latent/metrics.json
sim020_head,0.2,0.0,False,1000,0.36898052939686254,0.35979465096640945,0.7987357662496573,0.4478329257223113,-0.4297552368527947,-0.07885239632544877,8.678738921284676,10.162741990208627,-1.4840030689239505,2.2242988557517527,2.0775624121576546,0.1467364435940981,0.2777428388223052,0.15726618811115622,0.1224407530874484,0.3770133726528148,SketchMol-Unified-3MDiffusion/outputs/unified_generation_3m_sourceaware_sweep_v2/sim020_head/eval_latent/metrics.json
sim030_head,0.3,0.0,False,1000,0.3837898394128584,0.3766041978234581,0.7987357662496573,0.4486600072594687,-0.4149459268367989,-0.06487016784661032,8.686044595748186,9.274787859916687,-0.5887432641685013,2.459417970329523,2.515520081043243,-0.056102110713720066,0.2743740346431732,0.09971793626993894,0.11444380802428497,0.3602749140552394,SketchMol-Unified-3MDiffusion/outputs/unified_generation_3m_sourceaware_sweep_v2/sim030_head/eval_latent/metrics.json
sim045_head,0.45,0.0,False,1000,0.37356905601185736,0.3687347509811221,0.7987357662496573,0.4430985868268068,-0.4251667102377999,-0.06952953081494945,7.903876969248056,7.951440942108631,-0.047563972860574566,2.2539610882997514,2.5917682285904884,-0.337807140290737,0.2634883286729455,0.11960915072634816,0.11204106327769132,0.39586563747090997,SketchMol-Unified-3MDiffusion/outputs/unified_generation_3m_sourceaware_sweep_v2/sim045_head/eval_latent/metrics.json
strong_045_015,0.45,0.15,False,1000,0.36068115883193136,0.34895260014677937,0.7987357662496573,0.45985588106481257,-0.4380546074177259,-0.09917472223288121,9.11416908735037,8.359832766354083,0.7543363209962859,3.2104179044514893,2.1809289131611584,1.029488991290331,0.30381559713184836,0.19267372423410414,0.14405923053528233,0.13983059645981044,SketchMol-Unified-3MDiffusion/outputs/unified_generation_3m_sourceaware_sweep_v2/strong_045_015/eval_latent/metrics.json
strong_sim_cool,0.45,0.0,False,1000,0.37356905601185736,0.3687347509811221,0.7987357662496573,0.4430985868268068,-0.4251667102377999,-0.06952953081494945,7.903876969248056,7.951440942108631,-0.047563972860574566,2.2539610882997514,2.5917682285904884,-0.337807140290737,0.2634883286729455,0.11960915072634816,0.11204106327769132,0.5341737554500493,SketchMol-Unified-3MDiffusion/outputs/unified_generation_3m_sourceaware_sweep_v2/strong_sim_cool/eval_latent/metrics.json
temp_cool_015_005,0.15,0.05,False,1000,0.3697334463880491,0.35752171999838295,0.7987357662496573,0.46334453611200127,-0.42900231986160814,-0.09361108972395216,9.099161412239075,8.48555453401804,0.6136068782210362,2.6581812168508767,2.35059599840641,0.3075852184444665,0.28613665349781514,0.1612132011577487,0.14704640636261707,0.18530953406770115,SketchMol-Unified-3MDiffusion/outputs/unified_generation_3m_sourceaware_sweep_v2/temp_cool_015_005/eval_latent/metrics.json
temp_warm_015_005,0.15,0.05,False,1000,0.3775581636922616,0.36087764052106514,0.7987357662496573,0.459868882170457,-0.42117760255739567,-0.08231071847819543,8.781596588015557,7.633141967624426,1.1484546203911306,2.4043583136200906,2.20063033503294,0.20372797858715064,0.27878776232898234,0.14289147571846844,0.1387545461722353,0.1527167387988827,SketchMol-Unified-3MDiffusion/outputs/unified_generation_3m_sourceaware_sweep_v2/temp_warm_015_005/eval_latent/metrics.json
