beam_canonical_candidates,candidate_condition_tanimotos,candidate_count,canonical_candidates,generated_image_exists,generated_image_path,generated_smiles,image_compare_error,image_compared,image_exact_match,image_mse,image_rmse,mean_best_condition_tanimoto,mean_best_tanimoto,pair_id,paired_output_success,raw_samples,render_error,rendered_smiles_image_exists,rendered_smiles_image_path,target_image_path,target_smiles,top1_condition_tanimoto,top1_exact_match,top1_scaffold_match,top1_target_tanimoto,top1_valid,topk_exact_match
,,0.0,,False,SketchMolTokenDiffusion/outputs/runs/sketchmol_compare_token_diffusion_seed7/generated_images/mol_019105.png,,missing_generated_image,False,False,,,0.0,0.0,mol_019105,False,Cc1cc(CCCOc2c(C)cc(-c3ncc(C(F)(F)F)cc3)c(CCCN4)nn(CCc4nncnc2))c(C)cc2O)C(C))noo1))1ccco)cc3nn|Cc1cc(CCCOc2c(C)cc(-c3ccc(C(F)(F)F)cc3)[C@H](CCCNCc3noc(C)n4)c22)cc(C(C)=O)c(C)nococ1))cccCncCCnn)C|Cc1cc(CCCOc2c(C)cc(-c3ccc(C(F)(F)F)cc3)[C@H](CCCCCc4cnnnc4)3)cc2)[C@H](C)C(=O)[C@H](C(C)nonC))1ccc24cc1)n|Cc1cc(CCCOc2c(C)cc(-c3ncc(C(F)(F)F))c3)[C@H](CCCCc4ccc(CC)n4)no2)cc(C(C)=O)c(C)nocnn11ccccccc1c)n)C|Cc1cc(CCCOc2c(C)cc(-c3ccc(C(F)(F)F)cc3)[C@H](CCCc3cnn(CC))n2)C(=O)c(C)Cc23)c(C)nocon11)cccc1c(cnn2)|Cc1cc(CCCOc2c(C)cc(-c3ccc(C(F)(F)F))c3)[C@H](CCCNc2ncc(C[C@H]4Cnnn4C))c2CC)c2C)c(C)nococ|Cc1cc(CCCOc2c(C)cc(-c3ncc(C(F)(F)F)cc3)ccCCCCCCO[C@H](CCc4nnnn)c3)c(C)CC2))c(C)nono1)c1cccc5c1c)n|Cc1cc(CCCOc2c(C)cc(-c3noc(C(F)(F)F)ccc)c(CCCCCc3CC44)nn3))[C@H]2C)c(C(C)=O)c(C)n2)oc1)1ccc2ccccnn,missing_smiles,False,SketchMolTokenDiffusion/outputs/runs/sketchmol_compare_token_diffusion_seed7/rendered_smiles_images/mol_019105.png,SketchSMILES/outputs/pairs/phys_50k/images/mol_019105.png,Cc1cc(CCCOc2c(C)cc(-c3noc(C(F)F)n3)cc2C)on1,0.0,False,False,0.0,False,False
,,0.0,,False,SketchMolTokenDiffusion/outputs/runs/sketchmol_compare_token_diffusion_seed7/generated_images/mol_047082.png,,missing_generated_image,False,False,,,0.0,0.0,mol_047082,False,CC(C)(C)O)CCC(C(=O)C2CCCCC(CO)O)CCC(CCCCC(C)(C)CCC(C(=O)O)CCC)CC2)C(=O)O)C(C)CC1)(1(C)CC(CCC))C|CC(C)(C)OC(=O)C[C@H]CC2CCCCCCC(C(=O)OCC2CCC(C(C(=O)O)cc2)C(C(=O)O)CC2)C(C)C1)C(=O)CO)C(CC)CC()CC))(|CC(C)(C)OC(=O)CCCC(=O)CCCC(C(=O)OCC2CCCCC(C(=O)O)CC(=O)O)CC)C1)C(CCCC2)C(CC))C(O)1))C)CC(CCC|CC(C)(C)O)CCCCC(CO)CCCCCCC(=O)OCCCC(CCCCC(C)(C)CCCC(C(=O)O)CC)CC2)C(=O)O)C1CC(CO))())(CC()CC))|CC(C)(C)O)C1CCC(CO)CCCCCCC(CO)O)CCC2CCC(C(C(=O)O)cc3)CC(=O)O)cc1)CCCC2)CCCO)CC(C)(((CCCC()CC)))|CC(C)(C)O)OCC(C(CO)CCCCCCC(C(=O)OCCCCCCCC(C)(C)C)c(C(=O)O)cC1=O)CCCCC2)C(C)O)C(O))()=)CO((CC1))|CC(C)(C)OC(=O)CC(C(=O)OCCC(=O)OCCCC2CCC(C(C)(O)CC(C(=O)O)C(=O)C1)CC(C)CCCC2)CC)O)1(C))CC1|CC(C)(C)OC(=O)CC(C(=O)CCCC(C(=O)OCC2CCCCC(C)(C)CCCCCC)C(=O)O))C2)CCCC((=))O)CC(O)C1(C(C)()CC))C,missing_smiles,False,SketchMolTokenDiffusion/outputs/runs/sketchmol_compare_token_diffusion_seed7/rendered_smiles_images/mol_047082.png,SketchSMILES/outputs/pairs/phys_50k/images/mol_047082.png,CC(C)(CCCC1CCC(CCCC(C)(C)CC(=O)O)CC1)CC(=O)O,0.0,False,False,0.0,False,False
,,0.0,,False,SketchMolTokenDiffusion/outputs/runs/sketchmol_compare_token_diffusion_seed7/generated_images/mol_041022.png,,missing_generated_image,False,False,,,0.0,0.0,mol_041022,False,O=C(Cc1ncc2cccc2nc3nccccccs2)c1ccccC(C(F)(F)C(F)(F)FF)c2ccccc2s1)C(F)(C(F)(F)F)(F)())2))()()())|O=C(Cc1ncc2ccccc2c2nc3ccccc3)c1cccc(OC(F)C(F)(C(F)(F)(F)F)cc2F)ccc2s1)C(F)(F)F)(F))))))C()C)C)(|O=C(Cc1ncc2ccccc2n(nc3ccccs2)c1ccccc1)(F)C(F)(C(F)(F)F)cc)C(F)(F)C)C1(C(F)(F)F)FF)))C)))()))))F|O=C(Cc1ncccc1nc2nc2nc3ccccs2)c1ccccc1C(F)(F)F)C(F)(F)F)(C(F)(F)F)C(F)(C(F)(F)F)FF)())))C()1)()F|O=C(Cc1ncc2cccn1)c1nnc3ccccc1)c1cccc(C(F)(F)F)C(F)(F)F)ccccc1F)C(F)s1)C(F)(F)F)F))()))))()))()(|O=C(Cc1ncc2cccnc3c2ccccs2)c1ccccccc1)C(F)(F)C(C(F)(F)F)ccccc3C(F)2)s1)C(F)(F)F)(F)()))))()()()F|O=C(Cc1nccccc2n1)c1nc2ccccs2)c1cccc(FC(F)C(F)(F)F)c1ccccF)C(F)(F)F)s1)C(F)(F)F)FF)()c))c((c))))|O=C(Cc1ncc2ccccc2c2nc3ccccs2)C(c1ccc(C(F)(F)F)C(F)(F)(F)(F)F)c1ccc2s1)C(F)(F)F)(F)()F)F)()()))),missing_smiles,False,SketchMolTokenDiffusion/outputs/runs/sketchmol_compare_token_diffusion_seed7/rendered_smiles_images/mol_041022.png,SketchSMILES/outputs/pairs/phys_50k/images/mol_041022.png,O=C(Cc1nc2ccccc2s1)C(F)(F)F,0.0,False,False,0.0,False,False
,,0.0,,False,SketchMolTokenDiffusion/outputs/runs/sketchmol_compare_token_diffusion_seed7/generated_images/mol_017796.png,,missing_generated_image,False,False,,,0.0,0.0,mol_017796,False,C=CCC1CCN(Cc2ccC(c3ccc(Cl)c(Cl)c(Cl)c3)cc2)N1CCN(c2cc((c2ccc(Cl)cc(Cl)cc())c2)CC2)c1)C)ccccccccc1c|C=CCC1CCN(Cc2ccC(c3ccc(Cl)c(Cl)c(Cl)c2)cccc2)C(=O)N1CCN(c1ccc(Cl)c2cccc(Cl)c2)CCC)CC)O)1cccccccc)c))|C=CCC1CCN(Cc2CCN(c3)c3ccc(Cl)c3Cl)c2ccccc2)CC2)c2ccC(C(c1cccc2)c1cccc(Cl)c(Cl)cc1)CFC)Cccccccc(cc|C=CCC1CCN(cc2ccC(c3ccc(Cl)c(Cl)c(Cl)c3)c2)CC2)c2ccc(N((c2cccc(2)c2cccc(Cl)c2)CCC)CC)C)1cccC)ccccc|C=CCC1CCN(Cc2cCN(c3cccccc(Cl)cc3)c3ccccc3)=C2)N=O)CC1)c1ccc(Cl)c2ccc(Cl)c3)CC2)CC1)Cc(cccccccc=c)N|C=CCC1CCN((c2ccc(c3)c3ccc(Cl)cc3)c(Cl)c2)cc2)=CCN2CCC(c2ccccc1)c1cccc(Cl)c2)CC1)CC)CCCcccccccc(c|C=CCC1CCN(c2cc(N(c3cccccc(Cl)cc3)CC2)ccccc3)cc2)N1CCC(c2ccc(Cl)c2cccc(Cl)c2)C2)CC1)C)(cccccccccc|C=CCC1CCN(Cc2ccC(c3ccccc3)(c2ccc(Cl)c2)=C1CCN(c1ccc(Cl)c1ccc(Cl)c1cccc(Cl)c2)CC2)CC(C)1)ccN)ccccc)),missing_smiles,False,SketchMolTokenDiffusion/outputs/runs/sketchmol_compare_token_diffusion_seed7/rendered_smiles_images/mol_017796.png,SketchSMILES/outputs/pairs/phys_50k/images/mol_017796.png,C=C=CN1CCN(c2cccc(Cl)c2)CC1,0.0,False,False,0.0,False,False
,,0.0,,False,SketchMolTokenDiffusion/outputs/runs/sketchmol_compare_token_diffusion_seed7/generated_images/mol_044426.png,,missing_generated_image,False,False,,,0.0,0.0,mol_044426,False,N[C@@H](C[C@@H](C/C=C/c1ccc(C(c)(F)cc1)C(=O)O)[C@H](C(C(=O)O)c2cccccc1)C(=O)C(F)(F)F)C((=O)O)C1(F))(CO((CO))C|N[C@@H](C[C@@H](C/C=C/c1ccc(C(F)(F)F)c(ccccc1)C(=()O)O)c1cccc1C(=O)C(=O)C(=O)C(F)(F)F)CC(=O)FOC)O|N[C@@H](C[C@@H](C/C=C/c1ccc(C(ccccccc2)cc1)C(=O)OC(=c1O)cc1)C(=O)O)C(=O)C1)C(F)(F)F)C(=O)OCO(OO)CO()|N[C@@H](C[C@@H](C/C=C/c1ccc(F(cc(F)cc))(=O)OC(=O)OC)C(C(=O)c2ccccc2)C(CO)O)C1)C(F)C(=O)O))COF))1O|N[C@@H](C[C@@H](C/C=C/c1ccc(F(cF)F)cc2)C(=O)C(=O)O)cc1)ccc1)C(=O)O)C(=O)C(=O)O)CC(C)CC)O)=OOF)1C|N[C@@H](C[C@@H](C/C=C/c1ccc(F)cc(F)cc2)(=O)OC(=O)O)C(=O)c1ccccc1C(=O)C(F)(F)F)C(=O)O(O)C(OO)(OO))|N[C@@H](C[C@@H](C/C=C/c1ccc(C(cc(F)cc2)C(=O)O)[C@@H](C(=O)OC(=O)O2cccccc21)C(C(F)(O)C(=O)OO)C(O))((F)NF()COO|N[C@@H](C[C@@H](C/C=C/c1ccc(F(cc(F)c1))(=O)OC(C(=O)O)C(=O)c1ccccc1)C(=O)O)ccc1)C(=O)OO)C(O))F()cOF1),missing_smiles,False,SketchMolTokenDiffusion/outputs/runs/sketchmol_compare_token_diffusion_seed7/rendered_smiles_images/mol_044426.png,SketchSMILES/outputs/pairs/phys_50k/images/mol_044426.png,N[C@@H](C[C@@H](C/C=C/c1ccc(OC(F)(F)F)cc1)C(=O)O)C(=O)O,0.0,False,False,0.0,False,False
,,0.0,,False,SketchMolTokenDiffusion/outputs/runs/sketchmol_compare_token_diffusion_seed7/generated_images/mol_039040.png,,missing_generated_image,False,False,,,0.0,0.0,mol_039040,False,COc1cc2c(c(OC(=O)c1ccccc1C(=O)N=C(C)=C(OC(=O)[C@H](N(C=C)C[C@H]2OC(=O)c2cc2ccccc)OC2)C1cccccccC)c(c2c|COc1cc2c(c(OC(=O)c3ccccc3C(=O)N(CC=C(C)=C(C(=O)N(CCN=O)C(O2)c2cccccc2)OCC(=O)C1=OCO)=cC)1(O22)C|COc1cc2c(c(OC(=O)c4ccccc4C)=O)[C@]1OC(=O)C(OC(=O)N(C2=O)O2)C(OC)c1ccc2ccccc2)C1OC(O)C(OC(C)(()2C))|COc1cc2c(c(OC(=O)c3ccccc3C)=O)[C@]1OC(=O)[C@H](OC(=O)[C@H]([C@H]2CN2[C@H]=C(c2ccccc2ccccc2OC(=))N2)c1ccc1Ccc(c1c))|COc1cc2c(c(OC(=O)c1ccccc1C(=O)C(C(=))C1=C(=O)[C@H](N2C)c(CCCN2C(=O)c2ccccc2)C((O)CO)O1OCc1CccO)2c)=|COc1cc2c(c(OC(=O)c3ccc(C(C)=O)C1OC(=O)C(OC(=O=C(N(C)C=C2=2C(=O)c(c2ccccc2)C1OC(O)1())(C)ccc2c)(|COc1cc2c(c(OC(=O)c3ccccc3C)=O)[C@]1(C)C(C)=C(OO)[C@H](N2C=O)[C@H]2OCC(c)ccccc2ccccc2)C(C)=O)C1(ccOcc((22)N|COc1cc2c(c(OC(=O)c3ccc(C(C)=O)C(OC(=O)C(OC(=O)[C@H](N(C(=O)N=C(c2ccccc2cccc2)C(O)C(O)1(OC)2c(()2c)=,missing_smiles,False,SketchMolTokenDiffusion/outputs/runs/sketchmol_compare_token_diffusion_seed7/rendered_smiles_images/mol_039040.png,SketchSMILES/outputs/pairs/phys_50k/images/mol_039040.png,COc1cc2c(c(OC(C)=O)c1OC)C(=O)[C@]1(OC)C=C[C@H]2N(c2ccccc2)O1,0.0,False,False,0.0,False,False
,,0.0,,False,SketchMolTokenDiffusion/outputs/runs/sketchmol_compare_token_diffusion_seed7/generated_images/mol_019896.png,,missing_generated_image,False,False,,,0.0,0.0,mol_019896,False,CCCN(CCCCNC(=O)c1cccc(C(=O)NC(=O)C(c2ccc(F)cc3c2)c2)c2ccc(OC)cc2)c(OC)c(OCC2)CC1CC1CC1C)cC2cC()|CCCN(CCCCNC(=O)c1cccc(C(=O)NCC)c1ccc(OC(c2ccc(F)cc2F)c2cc(OC)c2ccc(O))c(OCC2)CCC)C1(O2C(cCccc))|CCCN(CCCCNC(=O)c1cccc(-c2cccc2)cc1)C1CC(c2ccccc2c1cc(OC)cc2cc(OC)c(OC)cc(OC)cc2OCC1cc2C(c1(1c1)|CCCN(CCCCNC(=O)c1cccc(-c2ccccc2)c1)c1OC(c2ccc(OC)c2c(c2)c(OC)c2ccc(O))cc2OC)c(CC)C1=C2CCcC1)c)C|CCCN(CCCCNC(=O)c1cccc(-c2cccc(2)c1)c1C(c2cccc(F)cc2)Oc2cc(OC)c2ccc(OC)cc(OC)c(C1=CCCC12)(2ccc|CCCN(CCCCNC(=O)c1ccc2(-c3ccccc3)c1cc(OC(c2ccc(OC)c2ccc(OC)c2ccc(F)cc(F)cc(O)C(CC)CCC11C)c)C)2))|CCCN(CCCCNC(=O)c1ccc(F)cc2)C(=O)NCCc1OC(c2ccc(F)cc(c2ccccO2)c2)ccc(OC)cc1OC)CC(OCC1)cOC2(1c2c)C|CCCN(CCCCNC(=O)c1cccc(-c2ccccc2)c1cc(OC(c2ccc(F)cc2F)c2OCCO)cccccc(OC)cc(OC)cc)OCC1CC2C)((C12)),missing_smiles,False,SketchMolTokenDiffusion/outputs/runs/sketchmol_compare_token_diffusion_seed7/rendered_smiles_images/mol_019896.png,SketchSMILES/outputs/pairs/phys_50k/images/mol_019896.png,CCCN(CCCCNC(=O)c1ccc(F)cc1)C1COc2cccc(OC)c2C1,0.0,False,False,0.0,False,False
,,0.0,,False,SketchMolTokenDiffusion/outputs/runs/sketchmol_compare_token_diffusion_seed7/generated_images/mol_018453.png,,missing_generated_image,False,False,,,0.0,0.0,mol_018453,False,N#Cc1ccc(NC(=O)c2ccc3[nH]c4cccc((=O)c4ccc5ccccc5)c4)c5cccc(CCOCC5)cc3)CC4)cc3)cc2)c1)1c1cccccc[nH]|N#Cc1ccc(NC(=O)cc2ccc3[nH]c(C(=O)c4cc4ccc5ccccc5)cc6)cccccOCCOCC5)cc4)CC4)cc3)cc2)c1)1c3ccccccc|N#Cc1ccc(NC(=O)cc2cc3[nH]cc((C(=O)NCc4ccccccccc[nH]4)ccc5cc)ccccc5c5)cc4)CC4)cc3)cc2)c1)1cccccccccc|N#Cc1ccc(NC(=O)cc2cc3[nH]c4cc(C(=O)c4cccccccccc5)cc4)c5cccc(OC5CCOCC4)cc4)cc3)cc2)c1)1ccc(ccccc|N#Cc1ccc(NC(=O)cc2cc3[nH]ccc(NC(=O)c4cc5ccccc[nH]7)cc6)cc6ccccc55)c4)C3CCCC4)cc3)cc2)c121ccccccccc2cc|N#Cc1ccc(NC(=O)cc2cc3[nH]cc(C(=O)c3cc4ccccccccc4)cc4)c4ccccc4)CCCCC(O)Cc4)cc3)cc2)c1)1c3ccccc35|N#Cc1ccc(NC(=O)cc2cc3[nH]cc(C(=O)c3cc4cccccccc4)cc()c4cccc(CCOCC5)cc4)CC4)cc3)cc2)c121c3cccccc4|N#Cc1ccc(NC(=O)cc2cc3[nH]c4c(NC(=O)c4cccc5ccccc5)cc4)c5ccccc55)c4)C(O)CC4)cc3)cc2)c1c1cccc4cccc,missing_smiles,False,SketchMolTokenDiffusion/outputs/runs/sketchmol_compare_token_diffusion_seed7/rendered_smiles_images/mol_018453.png,SketchSMILES/outputs/pairs/phys_50k/images/mol_018453.png,N#Cc1ccc(C(=O)Nc2ccc3cc[nH]c3c2)cc1,0.0,False,False,0.0,False,False
,,0.0,,False,SketchMolTokenDiffusion/outputs/runs/sketchmol_compare_token_diffusion_seed7/generated_images/mol_004754.png,,missing_generated_image,False,False,,,0.0,0.0,mol_004754,False,CCCCC(C)C(=O)Oc1ccc(C(CO)OCc1ccc(C)cc1)C(=O)C(C)(C)C)C(=O)OC)(1)C(C(C)=O)C(C)(CO)CCC))C)(|CCCCC(C)C(=O)Oc1coc(C(=O)OCc1ccc(CC(CCOC(=O)C(C)(C)C(C)(C)C)cc1)C(C)C(=O)O)C(C)O)CC)CO))(|CCCCC(C)C(=O)Oc1coc(C(=O)OCc1ccc(C)cc1)C(=O)C(CC(C)(C)C(=O)c(o1)C(=O)C(C)C(C))COCC)CC(C))|CCCCCCCNC(=O)Oc1ccc(C(=O)OCc1ccc(C)cc1(C(=O)C(C)(C)C)cc1)C(=O)C(C)(C)cc1)C(C)(C=OC=CC)CO)|CCCCC(C)C(=O)Oc1coc(C(=O)OCc1ccc(C)cc1)C(=O)C(C)(C)C)c(C)C(C)=O)C(C)CC(C)C(C))COOOCCC)C)=|CCCCC(C)C(=O)Oc1coc(C(=O)OCc1ccc(C)cc1)C(=O)C(C)(C)C)cc1)C(C(=O)C(C(C)(C(C)C)C(O))C)COCO(|CCCCC(C)C(=O)Oc1coc(COC(=O)c1ccc(C)cc1)C(=O)C(C)(C)C)cc1)C(=O)O)C(C(C)=O)C(C)(=OO)CCC)C)/|CCCCCCCNC(=O)Oc1coc(C(=O)OCc1ccc(C)cc)(C(=O)C(C)(C)CC(C)(C)C(=O)C(C(C)CC(C)C)C=O)(CCC)))),missing_smiles,False,SketchMolTokenDiffusion/outputs/runs/sketchmol_compare_token_diffusion_seed7/rendered_smiles_images/mol_004754.png,SketchSMILES/outputs/pairs/phys_50k/images/mol_004754.png,CCCCCCCCCCCCC(C)(C)C(=O)OCc1cc(=O)c(OC(=O)C(C)(C)C)co1,0.0,False,False,0.0,False,False
,,0.0,,False,SketchMolTokenDiffusion/outputs/runs/sketchmol_compare_token_diffusion_seed7/generated_images/mol_046787.png,,missing_generated_image,False,False,,,0.0,0.0,mol_046787,False,CCOc1ccc2c(O)c3c(ccc3C(=C)c3ccccc3)C(C)C(=O)n1C)c1ccc(C)C(OO)c2c1ccccc1C(=O)n2cccc11cc)|CCOc1ccc2c(O)c2c(C(=O)N(C)c3ccccc3)C(C)C(=O)c1ccn(C(CC)C(=O)Oc1ccccc2)c1cccc2ccccc11c3)|CCOc1ccc2c1c(OO)c1c(N(N(C)c3ccccc3)C(C)C(=O)N(C)c1cccc1C(=O)n2Cc1ccccc1C)=O)cc2ccc1ccc1|CCOc1ccc2c1O(c(O)c(CN(N)C)c3ccccc3)C(C)C(=O)c1ccc(OC(C)C(=O)n1Cc1ccccc1C(=O)n2cccc11cc2|CCOc1ccc2c(O)c(O)c3ccc(OC)c3ccccc3)C(C)C(=O)N(C)CCCN(C)C(=O)c2ccccccc2)c(=O)ccc1c111c2O|CCOc1ccc2c(O)c2c(CN(CCN(C)c3ccccc3)C(C)C(=O)c1cccc(C(=O)C(OO)c2c1ccccc1C(=O)n2c1cC11c1O1ccc1c))|CCOc1ccc2c(O)c2cc(N(CCN(C)c3ccccc3)C(C)C(=O)c1ccc(OC)c1C(=O)N2Cc1ccccc1C(=O)n2cccc11ccC|CCOc1ccc2c1OC(=O)c3ccccc3)c3ccccc3)C(C)C(=O)c1cc(OC)cc)C(=O)n1Cc1ccccc1O)N(CCC))O11221))c(ccc)c,missing_smiles,False,SketchMolTokenDiffusion/outputs/runs/sketchmol_compare_token_diffusion_seed7/rendered_smiles_images/mol_046787.png,SketchSMILES/outputs/pairs/phys_50k/images/mol_046787.png,CCOc1cccc2c1c(O)c(C(=O)N(C)c1ccccc1)c(=O)n2C,0.0,False,False,0.0,False,False
,,0.0,,False,SketchMolTokenDiffusion/outputs/runs/sketchmol_compare_token_diffusion_seed7/generated_images/mol_012927.png,,missing_generated_image,False,False,,,0.0,0.0,mol_012927,False,N#Cc1c(O)nc(SCc3ccccc3)cc2)c2nc3cccccc3)c1C/C=))NCc1ccccc((F)c(F)c(F)c1F)c(F)c11FO1cccccccccc)c|N#Cc1c(O)nc(SCc3ccccc3)cc2)n(-c2ccccc2)n(C=NCC#Cc3ccccc3c3F)c(F)ccc(F)c1CC(F)CF)c)1cccccc(c-c)c|N#Cc1c(O)nc(SCc3ccccc3)cc2)c1nc(-c1ccccc1/C=C/C=c/c1ccccc(=O)c1ccccc(F)c(=O)cF)c1)1cccccc(c1ccc|N#Cc1c(O)nc(SCc3ccccc3)c(F)c(nc1cc1ccccc1)N=CC#Cc1ccccc3)cc(F)c3)c2)c(F)c(O)C(1)cc1cccccccc1|N#Cc1c(O)nc(SCc3ccccc3)ccc(O)n1-c1cccc2)CCCC#N)C#N)Cc3cccc(3)c(F)c((O)c1cc(F)c1)cc1ccccccccccc)|N#Cc1c(O)nc(SCc3ccccc3)c(F)c(-c3cccccc3)n(CCCC#Cc3ccccc3)c(F)c(F)c(F)c1))C(F)c11ccn)cccccccccc1|N#Cc1c(O)nc(SCc3ccccc3)cc2)c2nc(-c1ccccc1)NCCC=O)Cc1ccccc(F)c(F)c1c(F)c(F)c2)c1Fcc11ccccc(cccc1|N#Cc1c(O)nc(SCc3cccc(3)cc2)n(-c3ccccc3)=C(C#N)c3)c(-c3cccc(F)c(F)c(F)n32)c(F)c1)ccccccccc(ccccc,missing_smiles,False,SketchMolTokenDiffusion/outputs/runs/sketchmol_compare_token_diffusion_seed7/rendered_smiles_images/mol_012927.png,SketchSMILES/outputs/pairs/phys_50k/images/mol_012927.png,N#Cc1c(O)nc(SCc2cccc(F)c2F)nc1-c1ccccc1,0.0,False,False,0.0,False,False
,,0.0,,False,SketchMolTokenDiffusion/outputs/runs/sketchmol_compare_token_diffusion_seed7/generated_images/mol_035898.png,,missing_generated_image,False,False,,,0.0,0.0,mol_035898,False,Cc1cc(Br)cc2)[nH]c(-c3ccc4c(C(=N)N)c3c3Cc3cccccc3)cc(Cc3ccccc3)ccc(O)c(3)ccccc2)c2cc1c12c2cc33ccc|Cc1cc(Br)c(O)[nH]c(-c3ccc4c(C(=N)N)cc3c(Cc3ccccc3)cc(Cc3ccccc3)c(Br)cc2)c3ccccC)C2)cc)c22ccc4c|Cc1cc(Br)c(O)[nH]c(-c3ccc4c(C(=N)N)cc3c(C)c3ccccc3c3cc(Cc4ccccc4)c3ccccc34)c(=O)c2cc1c2cccc(c33)ccc|Cc1cc(Br)c(O)[nH]c(-c3ccc4c(C(=N)N)cc3c(C)c3ccccc3C2Cc3ccccc3)cc23)cc2)c(N)cc2)c2ccc1)ccccc3(|Cc1cc(Br)c(O)cc(-c([nH]c3cc(C(=N)N)cc3c(Cc3ccccc3)c(Cc3ccc4ccccc4)c3)cc2)c2c(C)c2)c1)c1cccc2c|Cc1cc(Br)c(O)c(-c3c[nH]c3cc(C(=N)N)c(O)c3ccccccc3)cc(Cc3ccccc3)cc4)ccc)c2c)c(=C)c2cc1cccccc4c|Cc1cc(Br)c(O)[nH]c(-c3ccc4c(C(=N)N)c(O)c3cc3ccccc3C2Cc3cccccc3)cc4c3)c(N)c2c(C)C2)cO))1cccc4c3c4(c[nH]|Cc1cc(Br)c(O)[nH]c(-c3ccc4c(C(=N)N)N)c43)c3ccccc3)cc(Cc3ccccc3)cccc4)c(3)c2C(C)=2)cc)c21cccccOcc2cc,missing_smiles,False,SketchMolTokenDiffusion/outputs/runs/sketchmol_compare_token_diffusion_seed7/rendered_smiles_images/mol_035898.png,SketchSMILES/outputs/pairs/phys_50k/images/mol_035898.png,Cc1cc(Br)c(O)c(-c2[nH]c3ccc(C(=N)N)cc3c2Cc2ccccc2)c1,0.0,False,False,0.0,False,False
,,0.0,,False,SketchMolTokenDiffusion/outputs/runs/sketchmol_compare_token_diffusion_seed7/generated_images/mol_021049.png,,missing_generated_image,False,False,,,0.0,0.0,mol_021049,False,CC(C)O)[C@@H]1CC[C@H]1CCN(S(=O)(=O)NCc1ccc(C(=O)Cc3cccccc2cO)c2ccccc2)c1C(CO)C=CC(C)C(C)CCC1)COO)C)CC))(|CC(C)O)[C@@H]1CCc1ccc(S(=O)(=O)NCCC(O)C2C[C@@H](O)c3ccccc3)c2)c2ccccc2)C1=O)N=C)C(=O)C(C)1CC11CCCC(C(CCO(|CC(C)O)[C@@H]1CC[C@H]1CCN(S(=O)(=O)Nc1ccc(OCC(=O)c3cccccc)c2)c2ccccc2)c1cc1C(C)=O)C(C)CC(CC1()NCN1CC)C)C|CC(C)O)[C@@H]1CC(OCCN(S(=O)(=O)Nc1ccc(OC[C@@H]2C(=O)c3ccccccc3c3ccccc3)cc2)C1C)=O)C1CC(C)OCCCOC=C)CCCO)))|CC(C)O)[C@@H]1CCN1CCN(S(=O)(=O)Nc1cccc(O[C@@H](c2cccccc)cc2)c3ccccc3)cc2C(=O)(=O)C(C)C1CCCCCCOCOCC1CCO))N|CC(C)O)[C@@H]1CCN1CCN(S(=O)(=O)Nc1cccc(OC(=O)c3cccccc2)c3ccccc3)ccccc)C(=O)C(=O)C1CC)CCC(COCC1CCCCO)|CC(C)O)[C@@H]1CCN1CCN(S(=O)(=O)NO)c2ccc(C(=O)c3cccccccc2)c3ccccc3)C(=))C1C)=O)CCC(C)(CC1OC2CC11COC2C|CC(C)O)[C@@H]1CC(OCCN(S(=O)(=O)Nc1ccc(COC(=O)c3ccccc3)c(-c3ccccc3)C(=O)O)C1CC(O)CCCCOCC1(C2C))CCCC)C,missing_smiles,False,SketchMolTokenDiffusion/outputs/runs/sketchmol_compare_token_diffusion_seed7/rendered_smiles_images/mol_021049.png,SketchSMILES/outputs/pairs/phys_50k/images/mol_021049.png,CC(C)c1ccccc1COc1ccc(S(=O)(=O)N2C[C@H](O)CC[C@@H]2C(=O)NO)cc1,0.0,False,False,0.0,False,False
,,0.0,,False,SketchMolTokenDiffusion/outputs/runs/sketchmol_compare_token_diffusion_seed7/generated_images/mol_021265.png,,missing_generated_image,False,False,,,0.0,0.0,mol_021265,False,CN(C)c1ccc(C#Cc2ccc(Clccc2Cl)N(C#C)c2cc(N(C#O)c3ccc(4)cc3)cc(Cl)cc3Cl)c(Cl)cc(Cl)c2)cCl|CN(C)c1ccc(C#Cc2ccc(Clc3ccc(Cl)cc2)c2ccc(Cl)cc(C#C)cc2)c2ccc(Cl)cc32)cc(Cl)c(Cl)ccCl)cCl)c1|CN(C)c1ccc(C#Cc2ccc(Cl)cc2Cl(=O)c2cccc(N(C#C)c4ccccc4)cc3)cc(Cl)cc3Cl)c2Cl)cc(Cl)cccc1cc1cccc|CN(C)c1ccc(C#Cc2ccc(-c3ccccc)cc2)c2ccc(2C(=O)c2ccc(Cl)c3ccc(Cl)c(Cl)cc3Cl)cc2Cl)ccc(Cl|CN(C)c1ccc(C#Cc2ccccccc2Cl)c2)N#Cc2ccccc2C(=O)c2ccc(Cl)c3ccc(Cl)c(Cl)cc2Cl)cc(Cl)ccc(Cl)(1cc1c|CN(C)c1ccc(C#Cc2ccc(Clccc2Cl)ccc2)c2cc(C(C#C)c4ccccc4)cc3)cc(Cl)ccCl)cc(Cl)cc2Cl)ccccCl|CN(C)c1ccc(C#Cc2ccc(Cl))c2Cl)c2N#Cc2cccc(C(=O)c2ccccc2)c3ccc(Cl)c(Cl)cc3Cl)cc2Cl)ccccCl)c1cccc|CN(C)c1ccc(C#Cc2ccc(Clc3ccc(Cl)cc2)c2ccc(C(=O)c2ccc(C)c3ccc(Cl)cc3Cl)ccc2Cl)c(Cl)ccccCl))1,missing_smiles,False,SketchMolTokenDiffusion/outputs/runs/sketchmol_compare_token_diffusion_seed7/rendered_smiles_images/mol_021265.png,SketchSMILES/outputs/pairs/phys_50k/images/mol_021265.png,CN(C)c1ccc(C#Cc2c(Cl)cccc2Cl)cc1,0.0,False,False,0.0,False,False
,,0.0,,False,SketchMolTokenDiffusion/outputs/runs/sketchmol_compare_token_diffusion_seed7/generated_images/mol_014905.png,,missing_generated_image,False,False,,,0.0,0.0,mol_014905,False,Cc1ncc2nc(Nc3nc(C(NC(=O)Nc4ccc(Br)c(Br)cc(O)c(Br)c(O)c(O)c4)c(Br)c(O)c(=))c(O)c2)s1OO313ccc|Cc1ncc2nc(Nc3nc(C(=O)Nc3ncc4cc(Br)c(Br)c4)c(Br)c(O)c(Br)cc(O)c(Br)c(O)s3))s2)C(=O)s1)OO3)cc3|Cc1ncc2nc(Nc3ncnc(NC(=O)c4cccc(Br)c(Br)c4cc(Br)c5c(O)c(O)c4)c(Br)cs3)c(=O)c(CC(O)s1=O)13ccc|Cc1ncc2nc(Nc3nc(C(=O)Nc3nc4ccc(Br)c(Br)cc(O)cc4Br)cc(Br)cc(Br)c(O)c(O)c(=O)s3)C(O)s1)C)O4ccO|Cc1ncc2nc(NC(=O)Nc3ccnc(-c3ccc(Br)c(Br)c(O)cc(Br)ccc(Br)c(O)sc(O)c3O)c2)ns2)C(=O)s1)OO34ccc|Cc1ncc2nc(Nc3nc(C(=O)Nc3nc4ccc(Br)c(Br)cc(O)c(Br)ccc(Br)cc(Br)c(O)c34)c(O)n(C))2O)s1O)Br3ccc3)c5c))|Cc1ncc2nc(NC(nO)C(=O)Nc3cc4ccc(Br)c(Br)c4)c(O)c(Br)c(Br)c(O)cc(Br)c(O)c(Br)s3)C(=O)s1)O)34cc))c5)n4|Cc1ncc2nc(Nc3nc(C(=O)Nc3cc4ccc(Br)c(Br)cc(O)cc(Br)cc(Br)cc(O)c(Br)c3O)c(O)sc2C(=O)s1)O)3)cc3)4,missing_smiles,False,SketchMolTokenDiffusion/outputs/runs/sketchmol_compare_token_diffusion_seed7/rendered_smiles_images/mol_014905.png,SketchSMILES/outputs/pairs/phys_50k/images/mol_014905.png,Cc1nnc(NC(=O)c2cc(Br)cc(Br)c2O)s1,0.0,False,False,0.0,False,False
,,0.0,,False,SketchMolTokenDiffusion/outputs/runs/sketchmol_compare_token_diffusion_seed7/generated_images/mol_044907.png,,missing_generated_image,False,False,,,0.0,0.0,mol_044907,False,Cc1c(OCCN2CCNCC2)cc2c(=O)c2c(N)c(NOCCN3CCCCC3)cccc3c(=O)c(O)oc4ccccc34OCC3)c2ccc1C1[O]ccCCc1)Cc|Cc1c(OCCN2CCN(CCO)cc2c(=O)c(O)c3ccc(N3CCOCCCN3CCO)C3)ccc3c2c(=O)oc3CCOCC3)oc12c)c)CN)OC1c))C)|Cc1c(OCCN2CCN(CCO)CC2)cc2c(=O)c2ccc(N3CCOCC3)ccccc(N3CCOCC4)c3ccoc23)OCC3)cc2cc1))11C)C)cc)Cc|Cc1c(OCCN2CCN(CCO)cc2c(=O)c(=O)c3ccc(NCCOCCC3)cccc(N4CCOCC4)ccc3occc34OCCC)c2ccO)113c)C(c|Cc1c(OCCN2CCN(CCO)c)cc(=O)c2)c2cc(N3CCN3CCCC3)c3c(oc(=O)oc(=O)c3ccc(C4OCC3)ccccc)21[O]C2C)cCCC))C|Cc1c(OCCN2CCN(CC2)cccc(=O)cc(N3CCNOCCN3CCCCC3)cc3c(=O)oc(=O)cc(C)cc3C4OCC3)c1ccc)C21c2C2cC3Cc|Cc1c(OCCN2CCN(CCO)CC)ccc1c(=O)c2ccc(N3CCOCC3)oc3c(=O)cc(C)c3c(=O)c23CCOCC3)c1c1COC1)cnCc(CCCc)C|Cc1c(OCCN2CCN(CCO)cc2c(=O)cc(N3CCN(CCNCCCOCC3)ccc3oc(=O)oc4cc(C)ccc34)CC2)cccc1Occ2cc2C)3(cCc)C,missing_smiles,False,SketchMolTokenDiffusion/outputs/runs/sketchmol_compare_token_diffusion_seed7/rendered_smiles_images/mol_044907.png,SketchSMILES/outputs/pairs/phys_50k/images/mol_044907.png,Cc1c(OCCN2CCNCC2)ccc2c(=O)cc(N3CCOCC3)oc12,0.0,False,False,0.0,False,False
,,0.0,,False,SketchMolTokenDiffusion/outputs/runs/sketchmol_compare_token_diffusion_seed7/generated_images/mol_015435.png,,missing_generated_image,False,False,,,0.0,0.0,mol_015435,False,Oc1nc2nc(Cl)c4ccc5c4nc5ccccc5ccccccc5nc5ccccc65)cccc55)ccc6)cc55)cc(=O)c(C)c6c2occ52cccccc5|Oc1cc2nc(Cl)c4ccccc4nc5cccnc5cccccccc5c5ccccc55)cccc5)cccc65)c5))c4c3)c(OCCc6c2o)c5555cccc55C5c6|Oc1nc2nc(Cl)c4ccccc4nc5ccc6c5ccccc5ccc6c(OCc6c5c6)oc5)cccc6)oc5c5)c5n4)c(O)c6n2cnc557cccccccc5|Oc1nc2nc(Cl)c4ccccccnc4ccc5c5ccccc5cc5ccc5)c6c5ccccc5)cccc6)oc(=O)nc24)n(C)c6n2cc25n55cc|Oc1nc2nc(Cl)c3ccccc5nc4ccc5c5ccccc5ccccc55ccc65)cccc5)ccc56)oc5)cc(Cl)c(=O)cc6c2n)c545ccccc65c5|Oc1cc2nc(Cl)c3ccccc3nc4ccccc5c5ccccccc55)ccc65)ccccc5)c6cc(O)c5c25)c(O)nc(O)6ccn)C5455cccc5cCc|Oc1nc2nc(Cl)c4ccccc4nc5ccc(c5ccccc5ccc6c5c(O)c5)cccc5)c6cc5)cc5)ccc534)c(C)c6n2oc[n+]c555ccccO5c5|Oc1cc2nc(Cl)c4ccccc4nc5ccccc5c6cccccc5nc5ccc6c5ccccc55)ccc6))c5o3)c2=O)n(C)c6n2c2c5555cccc66c5,missing_smiles,False,SketchMolTokenDiffusion/outputs/runs/sketchmol_compare_token_diffusion_seed7/rendered_smiles_images/mol_015435.png,SketchSMILES/outputs/pairs/phys_50k/images/mol_015435.png,Oc1nc2cc(Cl)c3cccnc3c2o1,0.0,False,False,0.0,False,False
,,0.0,,False,SketchMolTokenDiffusion/outputs/runs/sketchmol_compare_token_diffusion_seed7/generated_images/mol_048772.png,,missing_generated_image,False,False,,,0.0,0.0,mol_048772,False,CCN(CC)C(=O)c1cc(CCC(=O)N(OC)C)c2ccc(OC)c2ccc(OC)c2cccccc2OC)cc2)c2ccccc2)CCC)C1)c1)ccc|CCN(CC)C(=O)c1ccc(C(=O)OC(=O)N(c1ccc(OC)c2ccc(OC)c2ccccc2)cc1)C(OC)c1ccccc1)OCC)cN1cccc)cccc|CCN(CC)CC(=O)c1ccc(C(=O)N(CCC)c2ccc(OC)c2cccc(OC)c2ccccc2)cc1)C(=O)c2ccccc2)C(CCO11)c1c|CCN(CC)C(=O)c1ccc(OC(=O)c1ccc2)c2ccc(OC)c2ccccc2)c2ccccc2)ccc(OC)c2ccccc2)CCC)C1)C1cccc|CCN(CC)C(=O)c1ccc(OC(=O)N(OC)C(c2ccc(OC)c2ccccOC)c2ccccc2)ccc(OC)c2ccccc2)CCN)C1C11cccc|CCN(CC)C(=O)c1ccc(C(=O)OC)C(=O)c2ccc(OC)c2ccc(OC)c2ccccc2)c2ccccc1)c1ccccOC)c(C)c112ccc|CCN(CC)C(=O)c1cc(OC(=O)c(NC(=C)c2ccc(OC)c2ccccc2)c2ccccc2)cc2)OC-c2ccccc2)CCOCCC1)11c1c|CCN(CC)C(=O)c1ccc(C(=O)C(NC(=O)c2ccc(OC)c2ccc(O2)c2ccccc2)c2ccccc2)c1ccccOC)ccc)c11)ccccc,missing_smiles,False,SketchMolTokenDiffusion/outputs/runs/sketchmol_compare_token_diffusion_seed7/rendered_smiles_images/mol_048772.png,SketchSMILES/outputs/pairs/phys_50k/images/mol_048772.png,CCN(CC)C(=O)c1ccccc1C(=O)C(=O)c1ccc(OC)cc1,0.0,False,False,0.0,False,False
,,0.0,,False,SketchMolTokenDiffusion/outputs/runs/sketchmol_compare_token_diffusion_seed7/generated_images/mol_011787.png,,missing_generated_image,False,False,,,0.0,0.0,mol_011787,False,COc1cccc(CNC(=O)N3CCN(C(=O)c4ccccc4)[C@@H](C)[C@@H](CC)C[C@@H](OCc4cccccc5[nH]4)C3)CCCC3)C(=O)C2)c1C1CC3(CC)()))5|COc1cccc(CNC(=O)N3CCN4C(=O)N(C(=O)O)[C@@H](C(=O)N3C[C@@H](Cc4cccccc4[nH]3)CC2)ccc1O)CC1CCC2)cc)1cC3C|COc1cccc(CNC(=O)N3CC(=O)N(C)C(=O)N3CC[C@@H](C[C@@H](C(=O)[C@@H](Cc4cccccc4[nH]))c3)C(=O)CC3(C)C2)ccc1cc34|COc1cccc(CNC(=O)N3CCN(O(=O)N(Cc4ccccc4)[C@@H](C)C(=O)[C@@H](Cc4ccccc[nH]4)CC2)C(=O)C3)CC2[nH]1)ccc12C33|COc1cccc(CNC(=O)N3CCN(C(=O)N(C(=O)O)[C@@H](CC[C@@H](C4)C[C@@H](OCc4ccccc4)[nH]c2=O)CC4)C(C)CC)C2)c1c12c3C|COc1cccc(CNC(=O)N3CCN(C(=O)N3Cc4cc(C(=O)[C@@H](C4)C[C@@H](Cc4ccccc4[nH][nH])C(=O)CC2=O)CC(C)C2)cc111c3C|COc1cccc(CNC(=O)N3CC(=O)N(c4ccccc44)[C@@H](CCN(CC)(4)(Cc4ccccc4[nH]2)CC3)CCCC3)C(=O)[nH]2)C111cC2C|COc1cccc(CNC(=O)N3C(=O)N(C)C(C)cc4)C(=O)[C@@H](CC)N3CCc4ccccccc4[nH]3)C2)C(=O)C3CCC)C2)c1C1CC3C,missing_smiles,False,SketchMolTokenDiffusion/outputs/runs/sketchmol_compare_token_diffusion_seed7/rendered_smiles_images/mol_011787.png,SketchSMILES/outputs/pairs/phys_50k/images/mol_011787.png,COc1ccc2[nH]c(C(=O)N3CC(=O)N(Cc4cccc(OC(F)F)c4)[C@@H](CN4C5CCCC4CCC5)C3)cc2c1,0.0,False,False,0.0,False,False
,,0.0,,False,SketchMolTokenDiffusion/outputs/runs/sketchmol_compare_token_diffusion_seed7/generated_images/mol_025202.png,,missing_generated_image,False,False,,,0.0,0.0,mol_025202,False,CC1CCC(C(=O)N22ccccc2)c(C(=O)O)C(=O)n(C(=OC(=O)Ncccccccc3)c3ccccc3)n(2)C(O)n1Cncc11)n2OC3)32ccN|CC1CCC(NC(=O)c2ccccc2)c2cccc(C(=O)O)C(=O)C(=O)c3ccccccccc3)C(=O)N2C(=O)CC)n11cncn112c2Oc3)cn))3|CC1CCC(NC(=O)c2ccccc2)c2ccc(C(=O)O)c(CC(=O)c2ccn(cc3ccccc)c33)n(C)C(=O)CCC)cnn22C11cccOcc1cn)))|CC1CCC(NC(=O)c2ccc3ccccc3)c((C(=O)O)C(=O)C(=Occ(-c3cccccc3)C(2O)N1C(=O)n(CC)n2nnC11nc2OccCc))))|CC1CCC(NC(O)c2nnc3ccccc3ccc(C(=O)O)c(=O)n)C(=O)c3c(-c3ccccc3)nnCC)C(=O)N1CCCC2C(C11Cc2O(c|CC1CCC(NC(=O)c2cccc3ccccc(C(=O)O)cn=O)n3c)n(C)C(=O)ccccccc3)c(2)c1C(=O)N1CC)n2CCC11Oc2Occ)c2))=|CC1CCC(NC(=O)c2ccccc2)c2ccc(C(=O)N(CC(=O)O)c2cc(Cc3cccc)c3)ccc)CC1C(=O)N1c1cncn1n11nc2Occ)c)))3|CC1CCC(NC(=O)c2ccccc2)c2cOcc(C(=O)O)C(=O)O)c4ccccc()c3ccccc3)nn2C)C(=O)N1CC11cncc11nccOc3)cnc)),missing_smiles,False,SketchMolTokenDiffusion/outputs/runs/sketchmol_compare_token_diffusion_seed7/rendered_smiles_images/mol_025202.png,SketchSMILES/outputs/pairs/phys_50k/images/mol_025202.png,CC1CCC(C(=O)Nc2ccccc2)c2ncc(C(=O)O)c(=O)n21,0.0,False,False,0.0,False,False
,,0.0,,False,SketchMolTokenDiffusion/outputs/runs/sketchmol_compare_token_diffusion_seed7/generated_images/mol_048947.png,,missing_generated_image,False,False,,,0.0,0.0,mol_048947,False,NS(=O)(=O)c1ccc(C(=O)NCC(CC(=O)NCNC(=O)NC(=O)CCCc2cccc(C)=O)cc2ccccc2)CC(=O)c1cc1c11C(C)()CC)))|NS(=O)(=O)c1ccc(C(=O)N[C@@H](COC(=O)NCCC(=O)NC(Cccccccc2)C(=O)c2ccccc2)C(=O)CCc)cccc1cc11CNO1()OC1)(|NS(=O)(=O)c1ccc(C(=O)NCC(NC(=O)CNC(=O)NC(=O)CCc2ccccc2)c2)c2ccccc2)CC(=O)O)cccccc11CCCCO(((C))O|NS(=O)(=O)c1ccc(C(=O)N[C@@H]C(NC(NO)C(CC(=O)NC(=O)CCCCc2ccc(c2)c2ccccc2))C(=O)O)cccc1ccccO(C1()OCc))|NS(=O)(=O)c1ccc(C(=O)NC[C@H](NC(=O)O)NC(=O)NC(=O)CCc2cccccc2)c2ccccc2)CCC(=O)O)ccccccc1C11C1()(C1C)|NS(=O)(=O)c1ccc(C(=O)NC(=OC(=O)NCCC(=O)NC(=O)CC(2)cc(OCc2ccccc2ccc2)C(=O)OCCc1cccc1C)CCN()C))))|NS(=O)(=O)c1ccc(C(=O)N[C@@H](C)C(=O)NCCC(=O)NC(=O)CC(=O)CNC(=O)c2ccccc2)CC(=O)c1ccccccc1O)1C=()(Cc))|NS(=O)(=O)c1ccc(C(=O)NC(=O)[C@H](C(=O)C(=O)NC(=O)CCc2ccccc2)C(=O)c2ccccc2)C(=O)ccccccc1)c(C)()c)c)N,missing_smiles,False,SketchMolTokenDiffusion/outputs/runs/sketchmol_compare_token_diffusion_seed7/rendered_smiles_images/mol_048947.png,SketchSMILES/outputs/pairs/phys_50k/images/mol_048947.png,NS(=O)(=O)c1ccc(C(=O)N[C@H](Cc2ccccc2)C(=O)NCC(=O)NCC(=O)OCc2ccccc2)cc1,0.0,False,False,0.0,False,False
,,0.0,,False,SketchMolTokenDiffusion/outputs/runs/sketchmol_compare_token_diffusion_seed7/generated_images/mol_013824.png,,missing_generated_image,False,False,,,0.0,0.0,mol_013824,False,CC(C)C(=O)C(C(=O)O)C(=O)NC(C(=O)C(=C(C)C)=C(=O)C(C)(C)C)=O)C(=C(N)C(C)(O)C(C)(CO))OCC)))(|CC(C)CC(=O)N)C(=O)O)C(C(=O)C(C(=O)O)C(C)N)C(=O)OC(C(C)=O)CCC=C(N)C(=O)C(C)(C)C(C)N)CC))C(|CC(C)C((=O)N)C(N)=O)C(N)NC(C(=O)O)O)C)=C(CC(C)(O)OC)C(C)=O)C(C)=O)C(N)=O)C(C)C)=C)CCC(C)()C)C|CC(C)CC(=O)N)C(=O)O)C(N)=O)C(=O)O)=C(C)C(=C(=C(C)(C)C)C(=O)C(C)N)C(=O)C(C)CC)C(O)C)CC)))(|CC(C)C((=O)NC(=O)O)C(=N)NO)C(C(=O)O)C(C)=CC(C)(O)OC)C(C)=O)C(C)N)CC(N)=O)C(C)C)O)()CC))C(|CC(C)CC(=O)N)C(=O)O)C(N)=N(C(=O)O)=C(C)=C(C(C)(C)C)C(C)(C)C)=C(N)C(=O)O)C(C)(C)O)C)CC)))(|CC(C)CC(=O)N)C(N)=O)C(N)NC(C(=O)O)C(N)=C(=C(N)=C(C)(C)C(=O)OC1)C(C)(C)C)C(C)(C)=O))CC)CC(|CC(C)CC(=O)NC(=O)O)C(NC(=O)C(C(=O)O)C=C(C)C(=O)O)=C(C)C(C)=C(C)N)C(=O)C(C)CC(C)O)))CC)CC(CC)C,missing_smiles,False,SketchMolTokenDiffusion/outputs/runs/sketchmol_compare_token_diffusion_seed7/rendered_smiles_images/mol_013824.png,SketchSMILES/outputs/pairs/phys_50k/images/mol_013824.png,CC(CC(=O)O)N=C(N)N,0.0,False,False,0.0,False,False
,,0.0,,False,SketchMolTokenDiffusion/outputs/runs/sketchmol_compare_token_diffusion_seed7/generated_images/mol_034471.png,,missing_generated_image,False,False,,,0.0,0.0,mol_034471,False,CN(C)c1ncnc(Cn1cnc2nc3ccccc2Cl)c1ccc(F(F)(F)F)c1)N(Cc3ccccc32)CC(=O)c1ccc(Cl)c1Cl)(CCl)1cncc(1()))c|CN(C)c1nc(c1cnc2nc3nc3ccccn2Cc1ccc(C(F)(F)c1ccc(N(Cc3ccccc3))1)c1ccc(Cl)c1)cc(Cl)ccCl1cc1cnccc)cc)|CN(C)c1ncnc1Cl)n1nc2nc3ccncn2Cl)c1c(C(F(F)F)c1c(Cl)N(Cc3ccccc32)c1ccc(Cl)cc(Cl)cc1Cl)F)c1cccc)cc))cc)|CN(C)c1ncnc(Cl)ncnc2nc3c(Cl)n2Cc1ccc(Cl(F)(F)F)nccN(CCc3ccccc32)c1c1cccc(Cl)c(Cl)c(Cl)c11cccc)ccc)ccF|CN(C)c1ncnc(C)n1nc2nc3ccccc2Cl)c1ccc(F(F))F)cccc1N(Cc3ccccc32)c1c1ccccCl)c(Cl)ccCl)c1c1)c11)ccc)ccF|CN(C)c1nc(c1cnc2nc3nc3c(Clcn2Cc1cc(C(F((F)F)cccc2N(Cc3ccccc32)c1c(Cl)ccCl)c(Cl)c(Cl))c)1ccc1c2cc))cC|CN(C)c1nc(C(F)(F)c2nc3ccccc2)c1Cc1c(C(=O)Nc1ccccN(Cc3ccccc32)c2ccccc2)c(Cl)cc1Cl)Cl)c1)n(Cc(c1)c)F|CN(C)c1ncnc(Cn1cnc2nc3ccccc2Cl)c1nc(C(F)(F)c1cccn(Cc3ccccc32)c(=O)c1cccc(Cl)cc1Cl)F)1)ccc1,missing_smiles,False,SketchMolTokenDiffusion/outputs/runs/sketchmol_compare_token_diffusion_seed7/rendered_smiles_images/mol_034471.png,SketchSMILES/outputs/pairs/phys_50k/images/mol_034471.png,CN(C)c1nc(C(F)(F)F)nc2c1ncn2Cc1ccccc1Cl,0.0,False,False,0.0,False,False
,,0.0,,False,SketchMolTokenDiffusion/outputs/runs/sketchmol_compare_token_diffusion_seed7/generated_images/mol_007574.png,,missing_generated_image,False,False,,,0.0,0.0,mol_007574,False,CC(=O)C1CCC2(C)CC(c4ccc(F)cc4O)CCC4CC[C@]4(CC(=O)CC[C@]4(C)CCC[C@]4(C)[C@@H]3O)C2(C)[C@]1(C)CC)C=C(4CC1CC(CC1C|CC(=O)C1CCC2(C)C(c4ccc(F)cc4)cnCC3CCC4(C)C(=O)CCC[C@]4CC)CC[C@]4(C)[C@@H](O)C(=O)[C@@H]3CC[C@]1(C)C)C44C)CC(C4)C|CC(=O)C1CCC2(O)C(c4ccc(F)cc4)c3CCC4CCC[C@]4CC(=O)CC[C@]4(C)CCC[C@]4(C)[C@@H](O)[C@@H](C)[C@]2(C)C1)C(C)))(C)CC(C4CCC=|CC(=O)C1CCC2(C)C(c4ccc(F)cc4)c(C)C5CC44CCC(=O)CC[C@]4(CO)CC[C@]4(C)[C@@H](O)C(C)C[C@]2(C)[C@]1(CC)C34C3C|CC(=O)C1CCC2(O)C(c4ccc(F)cc4C3CCCC4CC4=O)C(=O)CCC[C@]4C)CCC[C@]4(C)C3C)C(=O)CCC1(C)C(C)CC2C(CC4CCCC|CC(=O)C1O)C2(C)C(c4cc(F)cc4)cc3CCC4CCC[C@]4CC(=O)CC[C@][C@]4C)CC4(C)C)[C@@H]3O)[C@@]23CC[C@]2(C)[C@]1(C)CC4CC=C4(CCCCC=|CC(=O)C1CCC2(O)CCc4c(F)cc4)cc(=O)C3CC[C@H]4C(=O)CCCC[C@]4(C)CCC[C@]4(C)[C@@H]3C)[C@@]C(C)(C)CC[C@]1(C))CCC32CC4CC)C|CC(=O)C1O)C2(C)C(c4ccc(F)cc4)c5CCC4CCC[C@]4CC(=O)CC[C@]4(C)CCC[C@]4(C)[C@@H](C)CC)C2=O)CC[C@]1(C))3412)C,missing_smiles,False,SketchMolTokenDiffusion/outputs/runs/sketchmol_compare_token_diffusion_seed7/rendered_smiles_images/mol_007574.png,SketchSMILES/outputs/pairs/phys_50k/images/mol_007574.png,CC(=O)[C@@]12OC(C)(c3c(F)c(F)c(F)c(F)c3F)O[C@@H]1CC1C3CCC4=CC(=O)CC[C@]4(C)C3CC[C@@]12C,0.0,False,False,0.0,False,False
,,0.0,,False,SketchMolTokenDiffusion/outputs/runs/sketchmol_compare_token_diffusion_seed7/generated_images/mol_031253.png,,missing_generated_image,False,False,,,0.0,0.0,mol_031253,False,CNC(=O)[C@@]12C[C@@H]1[C@@H](n1cnc3c(N[C@@H]4C[C@H]4c4ccc(F)c(4)nc(F)c(CCc4ccccc4)nc3)[C@H](O)[C@H](O)C(=O)C[C@@H]21O[C@@H])4cccccC3)4c5|CNC(=O)[C@@]12C[C@@H]1[C@@H](n1cnc3c(N[C@@H]4C[C@H]4c4ccc(F)cc4)nc(F)c(CCc4ccccc4)cc3)[C@H](O)[C@H](O)C(=O)C[C@@H]21OO14cc34cccn4c5|CNC(=O)[C@@]12C[C@@H]1[C@@H](n1cnc3c(N[C@@H]4C[C@H]4c4ccc(F)cc4)nc(F)c(CCc4ccccc4)cc3)C[C@H](O)CO)C[C@@H]=O)[C@H][C@@H]21OO1ncc34c(cc4c5|CNC(=O)[C@@]12C[C@@H]1[C@@H](n1cnc3c(N[C@@H]4C[C@H]4c4ccc(F)cc4)ncnc4c(Cc4ccccc4)c(3)[C@H](O)C[C@H]2)[C@H](O)C(O)[C@@H]1O)C4c34cc(c54c5|CNC(=O)[C@@]12C[C@@H]1[C@@H](n1cnc3c(N[C@@H]4C[C@H]4c4ccc(F)c(F)nc(F)c(CCc4ccccc4)c(O)c32)[C@H](O)C[C@@H]1O)[C@@H][C@@H]21O334cn54c54)cc5|CNC(=O)[C@@]12C[C@@H]1[C@@H](n1cnc3c(N[C@@H]4C[C@H]4c4ccc(F)c(4)nc(C#CCCc4ccccc4)cc3)C(OO)nnc(O)[C@@H]2O)[C@@H](1O[C@@H]14cc44c5c)cc5|CNC(=O)[C@@]12C[C@@H]1[C@@H](n1cnc3c(N[C@@H]4C[C@H]4c4ccc(F)cc4)nc(C#CC#Cc4ccccc4)nc32)C[C@H](O)C[C@H](O)C[C@H])[C@@H]2(O[C@H]1ccc44c)c44c3|CNC(=O)[C@@]12C[C@@H]1[C@@H](n1cnc3c(N[C@@H]4C[C@H]4c4ccc(F)cc4)nc(C)c(CCc4ccccc44)c(F)n33[C@H]1O)C(=O)C[C@@H]2OO[C@@H]14cc34c3cccc5,missing_smiles,False,SketchMolTokenDiffusion/outputs/runs/sketchmol_compare_token_diffusion_seed7/rendered_smiles_images/mol_031253.png,SketchSMILES/outputs/pairs/phys_50k/images/mol_031253.png,CNC(=O)[C@@]12C[C@@H]1[C@@H](n1cnc3c(N[C@H]4C[C@@H]4c4ccc(F)c(F)c4)nc(C#Cc4ccccn4)nc31)[C@H](O)[C@@H]2O,0.0,False,False,0.0,False,False
,,0.0,,False,SketchMolTokenDiffusion/outputs/runs/sketchmol_compare_token_diffusion_seed7/generated_images/mol_025713.png,,missing_generated_image,False,False,,,0.0,0.0,mol_025713,False,O=C1CC(C(=O)N(C(=O)c3cC(O)cccccc4O)CC2CCN2C(=O)N2CCCCC2)C3=O)c4ccccc4O)cc3cccccc1c44ccC4cc4CcC5|O=C1C2CC(=O)N(C(=O)c3cc(O)cccc4c3C2=CC(=O)C4=O)CN3CCC4)C3=O)CCcccccc2O)c4ccccc4c3C3CCcC5c64CC)4|O=C1C2CC(=O)c3c(O)ccc4cc(O)ccc4N3C2=CCN(O)C4=O)CCNCC3=O)C2=O)c4ccccc4O)cc3cccc4c1c4CCcC5=54CC)C|O=C1C2CC(=O)c3c(O)c(O)C(=O)c(N4C3C3=C(N(C(=O)CCCN2CC=5)CC2O5)C4ccccc4O)ccccccccccc4cccC4c545cC4|O=C1C2CC(=O)c3c(OO)C=C(c4ccc(O)c4c4O)C4=N)C4=O)CN2CCCN3CC=O)c4c5cccccccc34)CCC1c2c42c3Cccc3CCN5|O=C1C2CC(=O)c3c(O)cccc(O)c3c(N2C(=O)C2N=N(CCCO)CCN2CC=O)C3=O)CCc)ccc6ccccccccc4c1c44cc(4445CC)6|O=C1CC(C(=O)c3c(O)cc(O)c4c4ccccc4C3=CC(=O)C(=O)N4CCCN(O)C3=O)cccccc44)C2=O)ccccc124CCc=cc54CcC5|O=C1CC(C(=O)N(C(=O)Cc3c(O)cc(c4c3O)CN2CCN2C(=O)N4CCCC=O)CC2)CCc6cccc(O)c4ccccccc1c3CccCcc43cCC5,missing_smiles,False,SketchMolTokenDiffusion/outputs/runs/sketchmol_compare_token_diffusion_seed7/rendered_smiles_images/mol_025713.png,SketchSMILES/outputs/pairs/phys_50k/images/mol_025713.png,O=C1C(N2CC2)=CC(=O)c2c(O)cccc21,0.0,False,False,0.0,False,False
,,0.0,,False,SketchMolTokenDiffusion/outputs/runs/sketchmol_compare_token_diffusion_seed7/generated_images/mol_006840.png,,missing_generated_image,False,False,,,0.0,0.0,mol_006840,False,Cc1onc(C(=O)C(NC(=O)O)C(C)C(NC(=O)N(C)C(=O)O)c1cncc1C()O)C(C)n21)C(=O)C(C(=O)O)C)C1)CCC)()OOC)C|Cc1onc(C(=O)O(C(=O)O)N(CC(=O)C(C)(C)C)C(=O)O)c2c(C(=O)O2)C(=O)O)11C(C)(=O)O)O)nCOn1(2)C)()C))))|Cc1onc(C(=O)O)C(NC(=O)N(C)C(C(=O)(C)C)C(=O)O)cn2C)C(C(=O)O)cn2C1)C(C)C(=O)O)O)(C)C1())C11C))C)C|Cc1onc(C(=O)C(C(=O)O)C(=O)C(CC(=O)N(C)C(=O)O)cn22)C(=O)O)C(CO)O)c1C(=O)O)C(C)C(O))1cCSC)()CC))C|Cc1onc(C(=O)OCNC(=O)O)C(C)C(=O)O)CC(C)C(=O)O)cn22)C(C(=O)O)c1C(C)C(=O)C(C=O)O)CCC11)C1C((())C))|Cc1onc(C(=O)C(=O)O)NC(=O)C(C)C(=O)N(C)C(=O)O)cn2C)C(C(=O)O)cn1CC)C(C)C(=O)O))C(C)C1CC)11()))C))|Cc1onc(C(=O)O(NC(=O)O)C(C)C(CC(=O)O)C(C(=O)O)cn2))C(=O)O)C(=O)O1CC((C)C(C(=O)O))CO1CC)))(CC)C)C|Cc1onc(C(=O)C(CC(=(=O)O)C(C(NC(=O)N(C)C(=O)O)O)n1)C(=O)O)C(=O)O1)C(=O)C(C(=O)O)C1O1)N(C)(CCCC)C,missing_smiles,False,SketchMolTokenDiffusion/outputs/runs/sketchmol_compare_token_diffusion_seed7/rendered_smiles_images/mol_006840.png,SketchSMILES/outputs/pairs/phys_50k/images/mol_006840.png,Cc1onc(C(=O)O)c1CC(N)C(=O)O,0.0,False,False,0.0,False,False
,,0.0,,False,SketchMolTokenDiffusion/outputs/runs/sketchmol_compare_token_diffusion_seed7/generated_images/mol_000756.png,,missing_generated_image,False,False,,,0.0,0.0,mol_000756,False,CC(=O)CCCCc2ccccc2c2cccccc))C(c1ccccc)N(C)c1cccccc(-c1ccccc1-c1cccccc1)C(=O)NCC)C(1(=1111|CC(=O)CCCCc2ccccc2-c2ccccc2)nnc1)C(=O)c1ccccc1)ccc(-c2ccccc2)c1cccccc1C(CC)CCC(=O)11c11cc|CC(=O)CCCCc2ccccc2)c2ccccc2)nnc1)C(=O)c1ccccc1cccc(-c1ccccc1)c(-c1ccccc1)C(CC)CNCC1)c1c(c|CC(=O)CCCCc2ccccc2)c2ccccc2)n(CCNC(=O)c1ccccc1)ccc(-c1ccccc1)c1cccccc1)CC=O)CCCNC=1nc11(c|CC(=O)CCCCc2ccccc2-c2ccccc2)c1)c1ccc(-c1ccccc1)n1c(-c1ccccc1)c1ccccc1)c1NC(CC)COCO(ncnc(cc(1|CC(=O)CCCCc2ccccc2-c2ccccc2)n1(=O)(=O)c1ccccc2)cc(-c1ccccc1)cc1)c1cc1cc1cccc(CCCO)((n1cc(1cc|CC(=O)CCCCc2ccccc2c2cccccc))(S(=O)(=O)c1ccccc1)ncc(-c1ccccc1)c1-c1ccccc1)C(CC)CCCcc)c1c(ccccc|CC(=O)CCCCc2ccccc2)c2ccccc)n1-c1ccc(C)c1ccccc1)n1c(-c1ccccc1cc1)c1-c1ccccc1)C(C=O=Ccccc(((ccc,missing_smiles,False,SketchMolTokenDiffusion/outputs/runs/sketchmol_compare_token_diffusion_seed7/rendered_smiles_images/mol_000756.png,SketchSMILES/outputs/pairs/phys_50k/images/mol_000756.png,CC(=O)CSc1cnnn1-c1ccccc1,0.0,False,False,0.0,False,False
,,0.0,,False,SketchMolTokenDiffusion/outputs/runs/sketchmol_compare_token_diffusion_seed7/generated_images/mol_044717.png,,missing_generated_image,False,False,,,0.0,0.0,mol_044717,False,O=S(=O)(=CCc1c[nH]cn1)(=O)(=O)[C@@H](O)C(Cc2ccc(Cl)cc2)C(Cc3ccc()cc(Cl)cc3)[nH]c3)[nH]c)CC2)cc11c(1)cccc((c|O=S(=O)(=O)c1c[nH]c(NC(=O)NCc1ccc((CCc2ccc(Cl)cc2)C(Cc3ccc(Cl)cc3)[nH]c)c2ccc(Cl)cc2)c1))c11Cccc)()C)|O=S(=O)(=CCc1c[nH]cn1)c1ccc(NC(=O)CCCc3c[nH]ccc3)cc2)CCc3ccc(Cl)cc3)cc3)[nH]2cc(Cl)cc2)c1C)(1(Clcccc(C)))|O=S(=O)(=O)c1c[nH]c(NC(=O)(Cc2ccc(ClCCc2ccc(Cl)cc2)C(Cc3ccc(Cl)cc3)[nH]c3cccc(Cl)cc3)c(Cl)1|O=S(=O)(=CCc1c[nH]cnc1)(=O)NC(=O)NCCc1ccc(Cl)cc1)NC(Cc3ccc(Cl)cccn3)cc2)c(Cl)c(Cl))c1)C)11(cccc()())))|O=S(=O)(=CCc1c[nH]cn1)(=O)(=O)[C@@H](O)NCCc2ccc(Cl)c2)cc(Cc3ccc(Cl)cc3)c[nH]3)[nH]2cc(Cl)cc2)cc11c(1(cccc()c)n))|O=S(=O)(NCCc1c[nH]cn1))(=O)NCc1c(C(Cc2cccc(Cl)cc2)C(Cc3ccc(Cl)cc3)[nH]c)c2ccc(Cl)cc2)c1))cnc)cOc((cc))|O=S(=O)(NCCc1c[nH]cn1)S(OO)(=O)NCCCc1cc[nH]cc2)[nH]cn2)C(Cc3ccc(Cl)cc3)c[nH]2)cccc(Cl)cc2)cc1Cl)11)cccc(cc))c(,missing_smiles,False,SketchMolTokenDiffusion/outputs/runs/sketchmol_compare_token_diffusion_seed7/rendered_smiles_images/mol_044717.png,SketchSMILES/outputs/pairs/phys_50k/images/mol_044717.png,O=S(=O)(NCCc1c[nH]cn1)c1ccc(Cl)cc1,0.0,False,False,0.0,False,False
,,0.0,,False,SketchMolTokenDiffusion/outputs/runs/sketchmol_compare_token_diffusion_seed7/generated_images/mol_042953.png,,missing_generated_image,False,False,,,0.0,0.0,mol_042953,False,COc1ccc(((=O)(=O)N(Cc2ccccccc(C(C)=O)NS(=O)(=O)NCc3ccc(C)c(OC)c(CCC2))c1OCCCC)C1CC3CC(C)=3C)C)C|COc1ccc(((=O)(=O)C(C)CN(Cc2ccc(C(C)N)NS(=O)(=O)NCc2ccc(OC)=O)c3cccc(OC)c(OCC)c1)CC2Cc2C)c))C2)C|COc1ccc(((=O)(=O)N(CCCC(Cc2ccc(C(C)N)NS(=O)(=O)NCc3ccc(C)c3)c(Occcc2OC)c1)CCC2)C1COCccC)cCCC2)O|COc1ccc(((=O)(=O)C(Cc2c(cc2ccc(N(C)N)NS(=O)(=O)NCc3ccc(C(c(O)c3)cccOC)c(OCCC)CC)121CC2))cC)CC)C|COc1ccc(((=O)(=O)C(Cc2c(cc2ccc(C(C)N)NS(=O)(=O)NCc3ccc(C(=O)CC3)cccOC)cc1OCCC2)CCC1CCc))c)C)C)C|COc1ccc(((=O)(=O)N(Cc2cccc3ccc(NC(c2)NS(=O)(=O)NCc2ccc(CCc(OC)c3)c(OC)c2CCCC1)C)CCOCC2CC(CCCC)C|COc1cccc(C(N)(=O)C(=O)N(Cc2ccc(C(C)N)NS(=O)(=O)NCc3ccc(C)c())c3ccc2OC)cc2OCC)c1O)C2Cc(CC()C)C)C|COc1ccc(((=O)(=O)N(CCCN(Cc2ccc(C(C)N)NS(=O)(=O)NCc3ccc(C)c(3C)c2)cc(C)c1OCC2)ccOC)cCccC)1ccCC)C,missing_smiles,False,SketchMolTokenDiffusion/outputs/runs/sketchmol_compare_token_diffusion_seed7/rendered_smiles_images/mol_042953.png,SketchSMILES/outputs/pairs/phys_50k/images/mol_042953.png,COc1ccc(CNS(=O)(=O)NC(Cc2cccc(C(=N)N)c2)C(=O)N2CCN(C(C)=O)CC2)c(OC)c1,0.0,False,False,0.0,False,False
,,0.0,,False,SketchMolTokenDiffusion/outputs/runs/sketchmol_compare_token_diffusion_seed7/generated_images/mol_012606.png,,missing_generated_image,False,False,,,0.0,0.0,mol_012606,False,COC(=O)c1cc(Cc2cc3Cl)cc(Cl)cc3)c(NC(=O)CC(NC(=O)Cn3cncnc4cccClClcc(Cl)cc34)[nH]c1=O)CCCC1)1ccc)cc3c2c|COC(=O)c1cc(Cc2cc3Cl)cc(Cl)cc3)c(NC(=O)Cn2nc=OOCc3c(C)nc4cc(Cl)cc(Cl)cc34)[nH]2)CcC)CCCl)c1cccCnc)cOc|COC(=O)c1cc(Cc2cc3Cl)cc(Cl)cc2)C(NC(=O)CC(OC(=O)COc(nc4ccccc4)ccc3)cc(Cl)ccC)CC2(Cc1c1[nH]ccncc)c)c(C|COC(=O)c1cc(Clc2c3ccccc34)cc2nc(NC(=O)CC(=O)CCn1nc(C)c4cccc(Cl)cc(Cl)cc2)nc1CCCOCCC1))cccO)cccCn|COC(=O)c1cc(Cc2ccc3ccc(Cl)cc3)c(NC(=O)CC(NC(=O)CCc2ncnc3ccc(Cl)cc(Cl)c(Cl)c1O)CCCCCO)112c11nc1c|COC(=O)c1cc(Cc2cc3cccc(Cl)cc3)c(NC(=O)CC((C(=O)OCn2nnc3cccc(Cl)cc(Cl)cc3)C1CCC(1CCCl)11nccCc[nH][nH]c|COC(=O)c1cc(Cc2cc3ccccc(Cl)cc2)CNC(=O)CC(=O)NO)nc2nc)nc3cc(Cl)ccc3Cl)c(Cl)c1OC)CCCC1C1)2ccCcc1c2ccc|COC(=O)c1cc(Cc2c3ccc(Cl)cc)ccnc(NC(=O)CC(NC(=O)CCnc2nnc3cc(Cl)ccc3Cl)cc2)[nH]1CCCCC(=)))1cc1Occ(c,missing_smiles,False,SketchMolTokenDiffusion/outputs/runs/sketchmol_compare_token_diffusion_seed7/rendered_smiles_images/mol_012606.png,SketchSMILES/outputs/pairs/phys_50k/images/mol_012606.png,COC(=O)c1cc2nc(SCC(=O)Nc3ccc(Cl)cn3)[nH]c2cc1Cl,0.0,False,False,0.0,False,False
,,0.0,,False,SketchMolTokenDiffusion/outputs/runs/sketchmol_compare_token_diffusion_seed7/generated_images/mol_008850.png,,missing_generated_image,False,False,,,0.0,0.0,mol_008850,False,C=CCOc1cc(CC=O)NCCCNCc2ccCC(C)(C)C(C)c3ccccc3)c(NC(=O)NC(C)(C)c2)C(C)C)c1)CC(C)=C11N=)2)(3())CN|C=CCOc1cc(CC=O)NCCCNCc2ccc(CCC3=NC(C)c3ccccc3))cc(OC)c(OC)c2)C(C)C)(C)NC)cC))C)C11(NC(2)31c)C)N|C=CCOc1cc(CC=O)NCCCNCC(C)(C(C)=C(C(C)(C)c2ccc(Cl)cccc(C)cc(OC)c(C)c2)(C)C)=C2)c1)cc1cCC2)(12)2)=|C=CCOc1cc(CC=O)NCCCNCc2cccC(C)(C)C2cccccc2)C(=O)Nc1cc(OCcc(OC)c1)C(C)C)c1)CN(C)O)))C12))((c)))1|C=CCOc1cc(CC=O)NCCCNCc2ccc(C(C)=NC(CC(C)CN2)c2ccc(Cccc(OC)c2)C(C)C)(C)C1=O)C(C)C)C)N=12)=())C|C=CCOc1cc(CC=O)NCCCNCc2ccC(CC(C)(C(C)(C)c3ccccc3)C(=O)NC(C)(C)N2)cc(C)c2)OC1)Cc1c=1(=(2C(())c)=|C=CCOc1cc(CC=O)NCCCNCc2ccc(C(C)CNC((C)c3ccccc3)Cc1)NC(=O)NC(C)c2)c(C)cc1)C(C)C)1CC1CC=2)(())))C|C=CCOc1cc(CC=O)NCCCNCc2cc(C(C)(C)C(NC)NC2=C(C)c3ccccc3OC)cc)C)c2)cc(OC)c1)CC(C)111))=(2c((C)))2,missing_smiles,False,SketchMolTokenDiffusion/outputs/runs/sketchmol_compare_token_diffusion_seed7/rendered_smiles_images/mol_008850.png,SketchSMILES/outputs/pairs/phys_50k/images/mol_008850.png,C=CCOc1cccc(CNCCCNC(=O)C2=CC(C)(C)NC2(C)C)c1,0.0,False,False,0.0,False,False
,,0.0,,False,SketchMolTokenDiffusion/outputs/runs/sketchmol_compare_token_diffusion_seed7/generated_images/mol_044834.png,,missing_generated_image,False,False,,,0.0,0.0,mol_044834,False,N/C(=N\C(c1ccc(O)c(c2ccccn2)ccc1)NC(=O)NCCc2c[nH]cnc3(Cc3ccccn3)c3)cc()C(=O)O)cncn1cc1)cCCc())cc|N/C(=N\C(c1c[nH]c(O)c(2)cc1)C(c1cC(ccccccc2)NC(=O)CCc3ccccc3)nc3c3cccn3)ccc1cccccnc111ccccc(CcCc|N/C(=N\C(c1ccc(c()C(C(=O)C(NC(c2ccccc2)NCCc2cccc(Cc3ccccc3)c3c3cccn3)cc2)OCc[nH]cnc1cccccCcc)cnc)C|N/C(=N\C(c1ccc(O)cc1)c1ccc(O)c(Cl)cccc2)Cc2c[nH]cnc2Cc3ccccc3)C(Cc3cccnn2)C(CCCCCCN=NC1))OCc(CcCc|N/C(=N\C(c1ccc(O)cc1)c1ccc(O)CCNC(=O)NCCc2c[nH]c2ccccc2)c3cccn3)c3ccccn3)C(O)c1ncn1)c1)c)Cc((ccc|N/C(=N\C(C(c1c[nH]c(c1)Nc1ccc(O)cc1)C(=O)CCc2ccccc2)Cc3ccccc3)c3ccccc3)n2)C(=))NCCONO1OcCOc(O)Oc|N/C(=N\C(C(c1ccccc1)c1ccc(O))c1)C(=O)NCCCCc2ccc(NCc3ccccc3n2)c3ccccn3)c(OC)c[nH]c[nH]c11n1))Cc()()c|N/C(=N\C(c1ccc(c1)NC(c1ccc(F)cc1)CC=O)NCCCc2cccc(Cc3ccccc3)c3ccccc3)C(O)CCO)[nH]cncnc1)cNCc()OOc)(,missing_smiles,False,SketchMolTokenDiffusion/outputs/runs/sketchmol_compare_token_diffusion_seed7/rendered_smiles_images/mol_044834.png,SketchSMILES/outputs/pairs/phys_50k/images/mol_044834.png,N/C(=N\CCC(c1ccc(O)cc1)c1ccccn1)NCCCc1c[nH]cn1,0.0,False,False,0.0,False,False
,,0.0,,False,SketchMolTokenDiffusion/outputs/runs/sketchmol_compare_token_diffusion_seed7/generated_images/mol_001901.png,,missing_generated_image,False,False,,,0.0,0.0,mol_001901,False,COc1ccc2[nH]c(C(C)C(CN(C)C(CN(C)C)c(C(C)(C)C)ccc44)cc(C)ccc4c(C)c(C)ccc3cc)N(C)c2)cc11cc3c|COc1ccc2[nH]c3c(C)c(CCCN(CCCN(C(C)(C)C)cc(OC)cc(C)cc6)cc(C)cc(OC)c34)cc2)c(C)cc(C)c)cc2c12|COc1ccc2[nH]c3c(C)c(NC(CN(C)C(C)C)c(C)c(C(=O)N(C)C)c6cc(c)cc65)cc(C)c(C)c3)N(C)c2)cccc3cc44c4()c|COc1ccc2[nH]c(C(C)CN(C)N(C(C)C(c(C(C)(C)C)cccc(C)c6cccc(Cccc64)cc34)c2=O)c(C)cc(Cl)ccc1cc2ccc44)c|COc1ccc2[nH]c(C(C)C(N(CCC(N(C)C)(C(C)(CN(C)C)ccc(c)c6cc(C)ccc(4)c23)c2=O))c(C)c(Cl)c2cc3cc4|COc1ccc2[nH]c(C(C)C(C(C)(C)CC(C)C)c(C(C)C)cccc(C)c6cccccccc(4))c(C)c(O))ccc)c(C)c2ccc1cccc|COc1ccc2[nH]c3c(C)c(NC(C)(N(C(C)C)c(C(C)(C)C)ccc45)cc(C)ccc)c(4)cc3)c2c4)c(C)ccc2)ccc1cc3c4cc3cc|COc1ccc2[nH]c(C(C)((OCCN(CCCC)CN(C)C)C(C(C)C)ccc(C)ccc6)ccc4c(=O)c4cc23)ccc)c(C)c)ccc14c4ccc3cc),missing_smiles,False,SketchMolTokenDiffusion/outputs/runs/sketchmol_compare_token_diffusion_seed7/rendered_smiles_images/mol_001901.png,SketchSMILES/outputs/pairs/phys_50k/images/mol_001901.png,COc1ccc2[nH]c(C)c(CCN(C)C)c2c1,0.0,False,False,0.0,False,False
,,0.0,,False,SketchMolTokenDiffusion/outputs/runs/sketchmol_compare_token_diffusion_seed7/generated_images/mol_010232.png,,missing_generated_image,False,False,,,0.0,0.0,mol_010232,False,CCCCc1c(cn(CCCCc2ccc(-c3ccc(-c4cccc()c(-c4ccco4)nn4)cc4)nn23)noC)c(=O)n(C)CC)CCC)11nc)3nc|CCCCc1c(c2n(CCCc2cnc(-c3ccc(-c4ccco5)c(-c4cccon4)no3)n4)nc23)cc1)c(=O)n(CCCCN(CC)))nn)2nc|CCCCc1c(=O)CCCCc22nc(-c3ccc(-c4cccc()c(-c4ccco4)nn3)nc4ccc(Cl)c23)c(=O)n(CCCCN(C)))1ncconn|CCCCc1c(=O)CCCCc2ccc(-c3ccc(-c5ccco4)c(-c4ccco4))n3)nc3)nn(4)cc2)c(=O)n(CCCN)CCC))1ncnc(c|CCCCc1c(cnn2c(N)c2nc(-c3ccc(-c4ccco4)c(-c4ccco4))n4)nc3cnc(Cl)c23)c(=3)n(CCCCCCC1)C13cccnc|CCCCc1c(c2n(CCCc3ccc(-c3ccc(-c4cccc()c(-c4cccco5)nn4)nn4)c43)c23)c(=O)n(CCCC))C1))nncccnc|CCCCc1c(c2n(CCCc2ccc(-c3ccc(-c5ccco4)c(-c4ccco4)nn3C)c4ccc(Cl)c32)c(=3)n1CCCC)CCO))(ncccnc|CCCCc1c(=O)CCCCc2ccc(-c3ccc(-c4ccco4)c(-c4ccco4))n4)-c3cnc(N)c3))nc23)n(CCCC)nn21)1ncc3nc,missing_smiles,False,SketchMolTokenDiffusion/outputs/runs/sketchmol_compare_token_diffusion_seed7/rendered_smiles_images/mol_010232.png,SketchSMILES/outputs/pairs/phys_50k/images/mol_010232.png,CCCCn1ncc2c1nc(N)n1nc(-c3ccco3)nc21,0.0,False,False,0.0,False,False
,,0.0,,False,SketchMolTokenDiffusion/outputs/runs/sketchmol_compare_token_diffusion_seed7/generated_images/mol_023580.png,,missing_generated_image,False,False,,,0.0,0.0,mol_023580,False,Oc1ccc(C2CN3CCCC[C@H]3CCN3CCN(C(c4cccccccc4)cc(O)cc(O)c4ccccc4O)c4)c3)ccc23)c(O)cc1)cCccccccc5ccc|Oc1ccc(C2CN3CCC([C@H]3CCN(CCc4ccccc4cccc(O)cc44)C(=O)c4ccccc4)c(O)c4cccc(O)cc3)C22))cc13ccccccc|Oc1ccc(C2CN3CCC([C@H]3CCN3CCN(c3ccc4ccc(O)cc4)c4)C(=O)c4ccccc45)c4)cccc4)CC2)c(O)c1ccOccccccccccc|Oc1ccc(C2CCNCCCN3CCCN3CC[C@@H](c3ccc4ccccc4)c(O)c4CC(O)c4ccccc4O3)c4ccccc4)Cc(O)c2)c)c3ccccccccc|Oc1ccc(C2CN3CCC([C@H]3CCN3CC[C@@H](c3c4c4ccc(O)ccc4))C(=O)c4ccccc4)c(O)c4cccc(O)c3)C(2)ccc)ccccccccc)c|Oc1ccc([C@@H]2CN3CCC([C@H]3CCN3CCN(c3ccc4ccccc4)c(23)C(=O)c4ccccc4)c4)cc3c4)c(O)c2)c(O)c)ccccccccccc)c|Oc1ccc([C@@H]2CN3CCC([C@H]3CCN(CCN(C)c4c4ccccc4)c4O)c(C4(O)c5ccccc5OC)c5ccccc4)3)C3)ccc2)c)1cccccccc)c|Oc1ccc([C@@H]2CN3CCC([C@H]3CCN3CCN(c4cccccc4c(c)c4)c(C(=O)c4ccccc4)c3)c4ccccccc42)Cc2O)c)c))cccccccc)c,missing_smiles,False,SketchMolTokenDiffusion/outputs/runs/sketchmol_compare_token_diffusion_seed7/rendered_smiles_images/mol_023580.png,SketchSMILES/outputs/pairs/phys_50k/images/mol_023580.png,Oc1ccc([C@@H]2CN3CCC[C@H]3c3ccccc32)cc1O,0.0,False,False,0.0,False,False
,,0.0,,False,SketchMolTokenDiffusion/outputs/runs/sketchmol_compare_token_diffusion_seed7/generated_images/mol_013389.png,,missing_generated_image,False,False,,,0.0,0.0,mol_013389,False,C/C=C(CC(=O)N(CC1CCCC1=N/C1=NC1=NC(=N)c1ccccBr)c1)c1cc(Br)cc(Br)cc(Br)cc(Br)c(Br)ccccc1c1cc1Ccc|C/C=C(CCNC(=N(CC1)CNC(=N)NC(=C2\NCCN1)c1ccc(Br)c2ccccc(Br)cc(Br)cc(Br)c(Br)cc(C(C)CNC1)11c1ccc|C/C=C(CC(=O)N(CC1cCCCN1)c1cccccBrccc1Br)N1CCCCN1)c1ccccBr)ccc(Br)cc(Br)cc(Br)c(Br)ccc(c1111c1Ccc|C/C=C(CC(=CCN(Cc1ccccc1)NC1=NC(=N)CN1)N1=NCCN1)c1ccc(Brcccc(Br)cc(Br)cc(Br)c(Br)ccccc1c1cccC1c|C/C=C(CC(=CCN(CC1cC(=NCCN=C(C2=NCC=NCCN1)c1ccc(Br)c1cc(Br)cc(Br)cc(Br)cc(Br)c(Br)ccccc1)1cc1C1c|C/C=C(CC(=N)N(CC1)C(=N)N(c1ccccBrcc(NC)N1CCCCN1)c1ccc(Br)cc)c1ccc(Br)cc(Br)c(Br)ccccc(c11ccC|C/C=C(CCNC(=NC(c1ccccc1Br)c1cccc1NC(=N)NNC1=NCCN1)c1cc(Br)cc(Br)cc(Br)cc(Br)c(Br)c1CBr)cC(cc1N1c|C/C=C(CC(=O)N(Cc1ccc(Br))c1)N=C=NCC=NC1=NCCCN1)c1ccccc(Br)cc(Br)cc(Br)cc(Br)c(Br)ccccc1c11cBrCcc,missing_smiles,False,SketchMolTokenDiffusion/outputs/runs/sketchmol_compare_token_diffusion_seed7/rendered_smiles_images/mol_013389.png,SketchSMILES/outputs/pairs/phys_50k/images/mol_013389.png,C/C=C/CN(C1=NCCN1)c1c(Br)cccc1Br,0.0,False,False,0.0,False,False
,,0.0,,False,SketchMolTokenDiffusion/outputs/runs/sketchmol_compare_token_diffusion_seed7/generated_images/mol_002764.png,,missing_generated_image,False,False,,,0.0,0.0,mol_002764,False,Nc1nc2[nH](O)cc3cc(N)c(-c3n(C(=O)c(C4C(=O)C(=O)[nH]4)cc3ccc4[nH]c)c(=O)[nH]3)c(=O)[nH]c(=O)[nH]c2n1O|Nc1nc2[nH](O)c3c(=O)n(Cc3ccc(CNC(=C(NC(=O)C(=O)[nH]c4nc4[nH]ccc(4)c(=O)[nH]4)c(3)[nH][nH]c(=O)[nH]cc(=O|Nc1nc2[nH](O)cc3c(N)nc(c4nc(C(=O)C(N)C(=O)C(=O)[nH]c4ccc4[nH]4)cc[nH]c(=O)[nH]3)c(=O)[nH]c(=O)[nH]c2c3O14c3))c1|Nc1nc2[nH](O)c3c(N)c4n([C@H]3C(=O)c4[nH]c(C(C(=O)C(=O)[nH]c4cccc34)c4[nH]c(=O)[nH]3)c(=O)[nH]c(=O)[nH]2)c1O14cc5|Nc1nc2[nH](O)c(CC)C(NC)(NC(=O)c3c4C(=O)C(=O)C(=O)ccc4)ccc34)c(=O)[nH][nH]c(=3)[nH][nH]c(=O)[nH]c2(=O14ccOn4)|Nc1nc2c(O)cc(=))c3c(CCC(=O)cc4C(=O)n(C)c(=O)[nH]4)nc3cccccc[nH]c(=O)[nH]3c(=O)[nH][nH]c(=O)[nH]c1(=O24c43|Nc1nc2[nH](O)[nH]c3c((N)c(C3=C/C(=O)[nH]c3n4C(O)C(=O)O)c[nH]c4ccccc4)c(=O)[nH]3c(=O)[nH]c(=O)c22c(=O|Nc1nc2[nH](N))c(=)nc3c(CCCC(=O)c4c(N)C(=O)C(=O)[nH]4)c(N)cccc4)c(=O)[nH][nH]c(=3)[nH][nH]c(=O)[nH]c)c2O13c33)(),missing_smiles,False,SketchMolTokenDiffusion/outputs/runs/sketchmol_compare_token_diffusion_seed7/rendered_smiles_images/mol_002764.png,SketchSMILES/outputs/pairs/phys_50k/images/mol_002764.png,Nc1nc2[nH]c(N)nc2c(=O)[nH]1,0.0,False,False,0.0,False,False
,,0.0,,False,SketchMolTokenDiffusion/outputs/runs/sketchmol_compare_token_diffusion_seed7/generated_images/mol_023033.png,,missing_generated_image,False,False,,,0.0,0.0,mol_023033,False,Cc1cc2c(cc1Cl)N=C1\N=cNC(=O)NCCCN(CC(=O)NCCCN(C2CCCCC4)C(C2CCCCC3)C(=O)C(C)(C)C)C21112121(C)CC)C|Cc1cc2c(cc1Cl)N=C1\CC=NC(=O)N2CCNCCC(=C(NCCC)NC(=O)CC3CCC)C(C)CC2)C(=O)C(C)N1)C2C3c()C2C12CC1C)N|Cc1cc2c(cc1))N=C1\N1=NC(=O)NC2C2CNC(=O)NC(CN(CC4)C(C3CC4)C(C(c1)C1=C(C)C)CC3)CC1C12Nc1CN1CcC))C|Cc1cc2c(cc1))N=C1c1cc(C(=O)NC(C2CCC(C(=N)NC2)CC(C)CC4)C(=O)N(CC(=O)N2CC1CCN3)C2)C11==)CC)CC1)))|Cc1cc2c(cc1Cl)N=C1\NC=NC(=O)NC2C2CCC(N2)NC(CN(C2CC)CC2)C(Cc(C(n1)C(=O)C(C)C2CCC))C11C)1CC(C3)1)N|Cc1cc2c(cc1))N=C(c1=N/C(=O)NC(C2CCC(C2=NC(C)(C2)N(Cc1ccc(CCC3)C(=O)NCNC(CC)C1CCC211)))C122)CC)C|Cc1cc2c(cc1NC1==1/C1=NC(=O)NC2CCCCC2=N)N2CCC(C3CCCCN3)C(=O)O)C1)C(C2)C(C)C1)CCNc))2N)2CC3122))C|Cc1cc2c(cc1))N=C1c1cc(C(=O)NC(C2CCC(C2=NC(C)(C2CCCCC3)C(=O)O3)C1CCCN(C(C)CN1)CCC212CC1CCCC1C))N,missing_smiles,False,SketchMolTokenDiffusion/outputs/runs/sketchmol_compare_token_diffusion_seed7/rendered_smiles_images/mol_023033.png,SketchSMILES/outputs/pairs/phys_50k/images/mol_023033.png,Cc1cc2c(cc1N1CCCCC1)NC1=NC(=O)CN1C2,0.0,False,False,0.0,False,False
,,0.0,,False,SketchMolTokenDiffusion/outputs/runs/sketchmol_compare_token_diffusion_seed7/generated_images/mol_035594.png,,missing_generated_image,False,False,,,0.0,0.0,mol_035594,False,CCOC1=C(c2CCC(C(C(C(=O)CC(c3ccc(C(=O)c3ccc(C(c4cccc([N+](=O)[O-])cc3)c2)C(=O)N(C)C)C(=CO1)))C)c|CCOC1=C(c2CCC(C(C)CCCc2ccc([N+](=O)C(=O)[O-])cc2)c3cccc([N+](=O)[O-])cc3)C(=O)C(=O)O)CC2C(CO)C1)C)Cc33)))))|CCOC1=C(c2CCC(C(C)CCCc2ccc(C)cc(C(=O)c3ccc([N+](=O)c5cccc[N+](=O)c4)cc3)C(=O)C)C(C)CCC1O())2CO3|CCOC1=C(c2CC(CC(C)C(=O)CC(N3CCC(C(=O)c3ccccc3)cccc([N+](=O)[O-])cc4)C(C(C(=O)C(=O)C(C)O)1)))C43|CCOC1=C(c2CCC(C(C)(C)N2CCC(c3ccc([N+](=O)[O-])cccc3c6cccc(NC(=O)[O-])cc3)CC(=O)C(C)C1)CC=CO1)C(C)3|CCOC1=C(c2C(CC(C)C)CCC2C(c3cccc(C(=O)c3cccc([N+](=O)[O-])cc4)OC(=O)c3))C(=O)C2CC)C(C)1)C1(C)C)3|CCOC1=C(c2CCC(C(C)(C(CO)C(c3ccc(C(=O)c3ccccc3)C(=O)[O-])ccc3C(=O)c3)CC(=O)C(CCC)C1=O)1)C)C43)3C))6|CCOC1=C(c2CC(CC(C(C)NC2CCC(c3cccc(=O)c3ccc([N+](=O)c)ccc([N+](=O)[O-])cc3)CC(=O)C=O)C2CC(C)1)C)O43,missing_smiles,False,SketchMolTokenDiffusion/outputs/runs/sketchmol_compare_token_diffusion_seed7/rendered_smiles_images/mol_035594.png,SketchSMILES/outputs/pairs/phys_50k/images/mol_035594.png,CCOC1=CC(=O)C(Cc2ccc([N+](=O)[O-])cc2)C(C)(C)C1,0.0,False,False,0.0,False,False
,,0.0,,False,SketchMolTokenDiffusion/outputs/runs/sketchmol_compare_token_diffusion_seed7/generated_images/mol_021976.png,,missing_generated_image,False,False,,,0.0,0.0,mol_021976,False,COc1ccc(C(=O)NC(=O)NC(=O)c2ccccc2)C(=O)CCC(=O)N2CCC(c4ccccc4))c3ccccc3)cc2)cc1)cccccccccccc)ccc|COc1ccc(C(=O)NC(=O)Cc2ccccc2)C(=O)c2ccc(OC(=O)N2COC(c3ccccc3))c3ccccc3)cc2)cc1))cc1cccccccc2cc(|COc1ccc(C(=O)NC(=O)OCc2ccccc2)C(=O)c2ccc(C(=O)N2CCC(c3cccccc3)c2cccccc)cc2)cc1)cc1c)ccc|COc1ccc(C(=O)NC(=O)NC(=O)c2ccccc2)C(=O)c2cccc()C(=O)c3ccccc3)cc2)c3cccccc2)cc1))ccccccc|COc1ccc(C(=O)NC(=O)OCc2ccccc2)C(=O)CNC(=O)c2ccc(C)c3cccccc)O)(c3cccccc)cc2)cc1)cc11cccO|COc1ccc(C(=O)NC(=O)Cc2ccccc2)C(=O)c2cccccOC)c2ccc(OC(c3ccccc3)c3ccccc3)cc2)cc1)cc)ccccc|COc1ccc(C(=O)NC(=O)CCc2ccccc2)C(=O)c2ccc(OCcC(=O)OC(c3ccccc3)cc2)c2cccccc2)cc1))cc1)ccc|COc1ccc(C(=O)NC(NC(=O)C(c2ccccc2)C(=O)c2cccc(2NC(=O)c3ccccc3))c2cccccc)cc2)cc1))c)ccccc,missing_smiles,False,SketchMolTokenDiffusion/outputs/runs/sketchmol_compare_token_diffusion_seed7/rendered_smiles_images/mol_021976.png,SketchSMILES/outputs/pairs/phys_50k/images/mol_021976.png,COc1ccc(OC(=O)CNC(=O)c2ccccc2)cc1,0.0,False,False,0.0,False,False
,,0.0,,False,SketchMolTokenDiffusion/outputs/runs/sketchmol_compare_token_diffusion_seed7/generated_images/mol_011980.png,,missing_generated_image,False,False,,,0.0,0.0,mol_011980,False,CCCCN(C(=O)c1c(O)ccc)c2ccccc12)C(CC)c2ccccc2cccccc23)c1cc1ccc(C)c1)c1ccc(O)cccc1)C1cccc|CCCCN(C(=O)c1c(O)cc2)c2ccccc2C(=O)OCC(C)c2ccccc2)c1)c1ccccc1)c1cc1ccccc1O)cccccccc1cccc|CCCCN(C(=O)c1c(OC)c(ccccccccc(=O)c2ccccc2)c2ccccc2)cc1C(C)=O)c1cc1)c1ccc(O)ccccc1C1cc1c|CCCCN(C(=O)c1c(O)cc2)c2ccccc2)C(c3ccccc32)c2ccccc2)c(C(=O)c1ccccc1)c1ccc(O)cccc1)c1cc1ccccccc|CCCCN(C(=O)c1c(OO)c(cc3ccccc1)C(=O)c1cc(O)c2ccccc23)c1ccccc1)c1ccccc1ccc(O)ccc112C1cccCcccccc|CCCCN(C(=O)c1c(O)cc2)c2ccccc2C(=O)ccccccccc1c1ccccc1)c1cccc1)c1cc1)c1ccccccccc(NC11nc1c|CCCCN(C(=O)c1c(O)cc2)c2ccccc2C(=O)cccc2ccccc23)c1n2C)c1ccc(1)c1)c1cccc(O)ccccc(1cc1)c1c|CCCCN(C(=O)c1c(O)ccccc2ccccc2)C(=O)c(C(=O)c2ccccc21)c1ccccc1)c1cc1)c1ccc(O)ccc11cc1cc1Ccccccc,missing_smiles,False,SketchMolTokenDiffusion/outputs/runs/sketchmol_compare_token_diffusion_seed7/rendered_smiles_images/mol_011980.png,SketchSMILES/outputs/pairs/phys_50k/images/mol_011980.png,CCCCN(C(=O)c1cc2cc(O)ccc2n1C)c1ccccc1,0.0,False,False,0.0,False,False
,,0.0,,False,SketchMolTokenDiffusion/outputs/runs/sketchmol_compare_token_diffusion_seed7/generated_images/mol_007384.png,,missing_generated_image,False,False,,,0.0,0.0,mol_007384,False,CC(C)(C)NC(=O)NC(=O)NCC(=O)CNC(=O)CC(CCCCCC3)C(=O)NC(=O)C(C)C2)C(C)(C)C1)CCCC)C1)())C)C((CCCC)(|CC(C)(C)NC(=O)NC1=O)C1CCNC(=O)NC(CC(=O)NC(C)(C)CC2)C2CCC(C(=O)N2)CC(C))C1CC2)CC1))()C(C)(CC)C))|CC(C)(C)NC(=O)NC(CO)NCC)NC(CCC2CC(C(=O)NC(C)(C)C)C2)C(C(=O)O)C)C(C)(C))C)C2)CCC1)11(C)C(1CCCC)(|CC(C)(C)NC(=O)NC(=O)NC1CNC(=O)NC(CC(=O)NC(C)(C)C(=O)C2)C(C(=O)C2CCCC(C)(C)C)CCC1))1CC)C)(CCC)))|CC(C)(C)NC(=O)NC1CCCC(C)NC(=O)NC(CC)NC(NC(C)(C)C(C2)C(C(=O)O)CC2CCCC(C)C1)C)CCC1)1)(C)C)(CC)C)C|CC(C)(C)NC(=O)NC1CNC(=O)NC(=O)NCC(C(=O)NC(C)(C)CC2CC(C(=O)O)C2)C(C)(C)C(C)C2)CC1)11(C)C)(C))C)C|CC(C)(C)NC(=O)NC(=O)NCC1NC(=O)NC(=O)NC(NC(C)(C)C)C(C(=O))OC(C)C2)C)C(C)(C)C)CCC1)1(CC)C1)CC2))C|CC(C)(C)NC(=O)NC1CNC(=O)NC(=O)NCCCCC(NC(C(C)(C)C2)C(=O)C(C(=O)NC)CCC(C)C)C2)CC11)11CC)C,missing_smiles,False,SketchMolTokenDiffusion/outputs/runs/sketchmol_compare_token_diffusion_seed7/rendered_smiles_images/mol_007384.png,SketchSMILES/outputs/pairs/phys_50k/images/mol_007384.png,CC(C)(C)NC(=O)NC1CCCC(NC(=O)NC(C)(C)C)C1,0.0,False,False,0.0,False,False
,,0.0,,False,SketchMolTokenDiffusion/outputs/runs/sketchmol_compare_token_diffusion_seed7/generated_images/mol_036314.png,,missing_generated_image,False,False,,,0.0,0.0,mol_036314,False,CCOC(=O)c1cc2c(-c3c(O(OC)c4[nH]c4cccccccc5c5c(c5c(OC)c5cccc(OCcc5c3c)C(=O)C(=O)c2)N154555ccc54)5c6|CCOC(=O)c1cc2c(-c3c(c(OC)c4c(OC)c(OC)cccccc(C)ccc5c(C)c5c(C)c5s5)C(=O)c4c4c3c2)s134ccc(|CCOC(=O)c1cc2ccsc3c(C(OC)c4[nH]c5ccc(OC)cccccc(C)cC)c5ccccc5c(cc5c45)cc4O)C(=O)c2)O(54cccc)cc55cC6|CCOC(=O)c1cc2[nH]c3c(c(OC)c(OC)c4ccc(OC)ccccccc(OC)c5c6ccc4c(OCcc45)C(=O)O4)sc3c2)n1N4ccccCc54(5|CCOC(=O)c1cc3ccsc4c3c(OC)c4[nH]c5ccccc5)ccccccc45)c4c(C)cccc(OC)5c4n3c3=O)C(=O)c2)4=C4c45c(c55cn|CCOC(=O)c1cc2c3sc3c(C(=O)c4cccccc(OC)c5ccccc5n(C)c5cccccc(C)c5c4c(C(=O)OC)c3c2))151cncc|CCOC(=O)c1cc2c(-c3c3c(OC)c(-c4ccc(OC)c5ccccc45)c(c5cccccc45)c(4)c3C(=O)C((O)c2)1154cccc)c5nccc6|CCOC(=O)c1cc2[nH]c4c3c(C(=O)c4cc4ccc(OC)ccccccc5n(C)c6cccccc(OC)c5c5)C(=O)CC(O)c2))1)4c5cc,missing_smiles,False,SketchMolTokenDiffusion/outputs/runs/sketchmol_compare_token_diffusion_seed7/rendered_smiles_images/mol_036314.png,SketchSMILES/outputs/pairs/phys_50k/images/mol_036314.png,CCOC(=O)c1c2[nH]c3ccc(OC)cc3c2cc2nc(C)sc12,0.0,False,False,0.0,False,False
,,0.0,,False,SketchMolTokenDiffusion/outputs/runs/sketchmol_compare_token_diffusion_seed7/generated_images/mol_044716.png,,missing_generated_image,False,False,,,0.0,0.0,mol_044716,False,CCCNC(=O)Nc1ccc((C(=O)NC(3ccccc2)S(=O)(=O)(=O)c1cccc((C(=O)O)c1ccccc1C(C)C2)cccccc1cOcOcc(|CCCNC(=O)Nc1ccc((C(=O)NC(1ccccc1)S(=O)(=O)(=O)c1ccccc)C(=O)O)c1ccccc1)C1CCCCC)ccccccccOc(|CCCNC(=O)Nc1ccc((C(=O)NC(cccccc2)S(=O)(=O)O)(=O)c2ccc(C(C)=O)c1ccccc1)c(C)c1)c1ccc1cccOcc|CCCNC(=O)Nc1ccc((C(=O)NCc2ccccc2)S(=O)(=O)O)(=O)c1ccc(C(CO)O)c1ccccc1)C1CCCC)cccc)11ccOc(|CCCNC(=O)Nc1ccc((C(=O)NC(C)c2ccccc2S(=OS(=O)(=O)c1cccc(OC(=O))C)c2ccc)c1)c(1)c1ccc1(cc)c(|CCCNC(=O)Nc1ccc((C(=O)NC(Cc3ccccc3)cc2OS(=O)(=O)c2ccccc1C(=O)c1ccc(C()C(C)c1)ccccc1CccCc(|CCCNC(=O)c1cccc(NC(=O)NC(C)c1ccc(S(=O)(=O)O)(=O)c1cccc1)C(=O)c1ccccc1)C(CCCC)ccc)C1)ccOc(cccc|CCCNC(=O)Nc1ccc((C(=O)NC(3cccccc)S(=O)(=O)O)(=O)c1cccc1)C(=O)c1ccccc1)C1CCCCc)ccccccccOc(,missing_smiles,False,SketchMolTokenDiffusion/outputs/runs/sketchmol_compare_token_diffusion_seed7/rendered_smiles_images/mol_044716.png,SketchSMILES/outputs/pairs/phys_50k/images/mol_044716.png,CCCNC(=O)Nc1cccc(-c2ccc(OC)c(S(=O)(=O)NC(CC(=O)O)c3ccccc3)c2)c1,0.0,False,False,0.0,False,False
,,0.0,,False,SketchMolTokenDiffusion/outputs/runs/sketchmol_compare_token_diffusion_seed7/generated_images/mol_049992.png,,missing_generated_image,False,False,,,0.0,0.0,mol_049992,False,COc1ccc(S(=O)(=O)N(Cc2cccn(2)c2)CC(=O)NO)c(O)c2ccc(-c3ccccc3)c2)cc(C)c2)c(2)cc1)ccccccc(cc)3cc(|COc1ccc(S(=O)(=O)N(Cc2cccnc2)c2c(C(=O)NO)COc2ccc(-c3ccccc4)cc3)cc(OC)c(C)c3)cc2)cc1cccccccc2c|COc1ccc(S(=O)(=O)N(Cc2cccnc2)c2c(C(=O)NO)c2ccc3cc(-c3ccccc3))c2))cccc(C))c2)cc1)cc(1c2c|COc1ccc(S(=O)(=O)N(Cc2cccn(2)c2ccc(c2)N(C(=O)N2COC(c3ccccc23)c2)c2cc(OC)cc2)cc1)c)ccccccccc1c))|COc1ccc(S(=O)(=O)N(Cc2cccnc2)c2c(C(=O)NOCC2)c2cccOC(ccccccc3)cc2)c3cc(C)cc2)cc1)c)cccc2Cccccc)1|COc1ccc(S(=O)(=O)N(Cc2cccnc2)c(2)C(=O)NO)(=O)c2ccc(-ccccccc3)cc2)cccc(C)cc2)cc2)ccccccc(ccccc))|COc1ccc(S(=O)(=O)N(Cc2cccnc2)c(C)C(=O)NO)c2ccc(OC(c4cccccc4)c3)ccccc23)c(O))cc2)c1ccccccccc3cc(|COc1ccc(S(=O)(=O)N(Cc2cccn(2)c2C(C(=O)NO)c2cccc(-c3ccccc3)cc2)c2cccc(2)c(C)ccc)c1)ccccc)ccccc)O,missing_smiles,False,SketchMolTokenDiffusion/outputs/runs/sketchmol_compare_token_diffusion_seed7/rendered_smiles_images/mol_049992.png,SketchSMILES/outputs/pairs/phys_50k/images/mol_049992.png,COc1ccc(S(=O)(=O)N(Cc2cccnc2)c2c(C(=O)NO)cc(C)cc2-c2ccccc2)cc1,0.0,False,False,0.0,False,False
,,0.0,,False,SketchMolTokenDiffusion/outputs/runs/sketchmol_compare_token_diffusion_seed7/generated_images/mol_020286.png,,missing_generated_image,False,False,,,0.0,0.0,mol_020286,False,CC(CCc1ccccc1)NCC(O)c1ccc(O)c(C(N)=O)c2c(CC(O)c3ccccc3)(C)=O)c3ccccc3)(N)=O)c2c1)c(cCcCcccccc|CC(CCc1ccccc1)NCC(O)c1ccc(O)c(C(N)=OO)c(O)c(O)C)c2ccc(C(N)=O)c1ccccc1C(C)=O)c2cc)c1cccC|CC(CCc1ccccc1)NCC(O)c1ccc(O)c(C(N)=OO)c2)NC(=O)c3ccccc3(N)=O)c2ccccc2)C())=O)c1c)cc)ccCCccccccc|CC(CCc1ccccc1)NCC(O)c1ccc(O)c(C(N)=O)c2c(C(N)=O)c3ccccc3N)=O)c1Occccccc1C(=O)c2)c11cccCcccc2c|CC(CCc1ccccc1)NCC(O)c1ccc(O)c(C(N)=O)c(O)C(=O)O)c3ccccc3C(N)=O)c2ccccc(O)cccc2ccc)1ccc)2ccccc|CC(CCc1ccccc1)NCC(O)c1ccc(O)c(C(N)=O)c2)c(C(=O)c3cccc3C(N)=O)c3ccccc2O)c(O)c2c1ccc(cc1COcc))c|CC(CCc1ccccc1)NCC(O)c1ccc(O)c(C(N)=O)c3c(c2)c(O)c3ccc(C(N)=O)c2cc(C(N)=O)cccc2ccc)1cccCccc)cc|CC(CCc1ccccc1)NCC(O)c1ccc(O)c(C(N)=O)c(C(NC(O)c3ccccc3)ccc(O)c3cc3C(O)=O)cc2)cccc)1cccC,missing_smiles,False,SketchMolTokenDiffusion/outputs/runs/sketchmol_compare_token_diffusion_seed7/rendered_smiles_images/mol_020286.png,SketchSMILES/outputs/pairs/phys_50k/images/mol_020286.png,C[C@@H](CCc1ccccc1)NC[C@H](O)c1ccc(O)c(C(N)=O)c1,0.0,False,False,0.0,False,False
,,0.0,,False,SketchMolTokenDiffusion/outputs/runs/sketchmol_compare_token_diffusion_seed7/generated_images/mol_027154.png,,missing_generated_image,False,False,,,0.0,0.0,mol_027154,False,COC1=C(C)C(c2c(c1)OC(C)=)CC=O)C2C(=O)OC(=O)C(C)=C(C)C)C3=C)C(=O)C(C)=O)C3=O)OC=CC)4)C=CO=CCCCO=|COC1=C(C)C(c2c(cc(OC(=O)CC(=O)C3C(=O)OC(=O)C(=)(C)COC(C)=O)C(C)(C)C(=O)C3=O)=C41=OO)C1CCCCC4)|COC1=C(C)C(c2c(c1)OC(=O)CC(=O)C3C(=O)OCC(C)=O)C(C)COC(C)=O)C(C)=O)C(O)C(C)=O)C(=OC3=)CCOC)(CC=)|COC1=C(C)C(c2cc3c(OC(C)=O)cccc3C2OC(COC(=O)C(C)=O)C(=O)C=C(C(C)=O)C2=O)CC(C)=C)C1O)=C3COCCCCC3)|COC1=C(C)C(c2c(cc(OC(C)C)C(=O)C3C(=O)OCC(C)=O)C(=O)OC(C)=O)C(=O)C1=O)C(C)=O)=C2=CO3)C3CO=)3CC))|COC1=C(C)C(c2c(cc(OC(C)C)C(=O)COC(=O)OCC(C(=O)OC(C)=O)C(=O)C(C)=O)C3=O)C(=O)OC1=O)3)C==OC)C4C23|COC1=C(C)C(c2c(cc(OC(C)=CC(=O)C3CCCC=OC(=O)COC(C)(O)C3=O)C(CO)C(C)C(=O)C3=O)=C1=O)3)C==2C=)C))5|COC1=C(C)C(c2c(c1)OC(C)C(C)=O)COC(=O)OC(=O)CC(C(C)=C)C(C)C)=O)C(C)C)=O)C3=O)=C2=1OCOC)=OCC())3=,missing_smiles,False,SketchMolTokenDiffusion/outputs/runs/sketchmol_compare_token_diffusion_seed7/rendered_smiles_images/mol_027154.png,SketchSMILES/outputs/pairs/phys_50k/images/mol_027154.png,COC1=CC(=O)c2c(c(COC(C)=O)c3n2CCC3OC(C)=O)C1=O,0.0,False,False,0.0,False,False
,,0.0,,False,SketchMolTokenDiffusion/outputs/runs/sketchmol_compare_token_diffusion_seed7/generated_images/mol_016685.png,,missing_generated_image,False,False,,,0.0,0.0,mol_016685,False,O=C(O)c1ccc2c(OC(=O)c3cc(-nc(-c4ccc(-c4ccccc4)ccccc5)cc4)cc4)cc3)c(=O)O(CCCO)c1)ccccccc|O=C(O)c1ccc2c1OC(=O)c1ccc--c3cc3ccc(-c4ccccccc5)cc4)cc4)ccc5)cc3)ocO)c1cccccccc)cC1cccc|O=C(O)c1ccc2c1OC(=O)c1cc(-c2ccc3ccc(-c4cccccc(O)cc4)ccccc5ccccc3)oc2O)C4)cc3)ccO)cccc(c|O=C(O)c1ccc2c1OC(=O)c1ccc2oc(-c3ccc(-c4cccc(O)cc4)ccc4)cc3O)ccc3c(=O)c1ccccccccO)cccc2C|O=C(O)c1ccc2c1OC(=O)O)cc(-c3ccc4ccc(-c4ccccccc5)cc45)cc4)cc3ccc4)cc3)cccc3c1)cc)ccccccoO(cccc|O=C(O)c1ccc2c1OC(=O)c1cc(-nc(-c3ccc(-c4ccccc4)cc4)cc3)c4ccccccc4)c(=O)O)Cc3)cccO)cccccc|O=C(O)c1ccc2c1OC(=O)c1cc(-c2ccc3ccc(-c4ccccccc5)ccc5)ccc4)c3)ccc1)C(=O)[O-]ccc4)cc2ccccc(o|O=C(O)c1ccc2c1OC(=O)c1ccc2oc(-c3ccc(-c4cccccc(O)cc4)ccc4)cc3)cc1C(=O)c)ccc(O)ccO)c2cccc,missing_smiles,False,SketchMolTokenDiffusion/outputs/runs/sketchmol_compare_token_diffusion_seed7/rendered_smiles_images/mol_016685.png,SketchSMILES/outputs/pairs/phys_50k/images/mol_016685.png,O=C(O)c1ccc(S(=O)(=O)Oc2ccc(-c3ccc(-c4coc5ccccc45)cc3)cc2)cc1O,0.0,False,False,0.0,False,False
,,0.0,,False,SketchMolTokenDiffusion/outputs/runs/sketchmol_compare_token_diffusion_seed7/generated_images/mol_047878.png,,missing_generated_image,False,False,,,0.0,0.0,mol_047878,False,O(=Cc1ncc(-c3ccccc3)c2cccc2ccccc2)cc1cc2ccc(//C=C\c2cc3cccc2)cc1)c1ccc2ccccc2c1)ccccccccc(c)c|O(=Cc1ccc(-c3ccccc3)c2cccc2ccccc2cCCCCc1cc2ccc1ccc(-c3ccccc3)cc2)c2)c1)c1cccccncccccccc|O(=Cc1ncc(-c3ccccc3)c2ccc3ccc(NC(=C\c2ccccc1)c1ccc(-c3ccccc3)o2)ccc2n1)c1ccccc1)ccccccc|O(=Cc1ncc(-c3ccccc3)c2ccc2cc2cc()c1cccccccc1)c1ccc2ccnc3ccccc3o2)ccc1)c1cccc2c1)ccccccc|O(=Cc1ncc(-c3ccccc3)c2cccc2cc2cccc(OC(=C)c1cccc2cc(-c3ccccc3)cc23)c1)c2ccccc2nc1cc1cccc|O(=Cc1ncc(-c3ccccc3)c2ccc(/c3cccc3[nH]2)cc1)c1ccc(OCCc3ccccccc3)oc2ccccc1)c1ccc2c1)ccccccc|O(=Cc1ncc(-c3ccccc3)c2cccc2cc2c1)c1ccc2cccc(/C=C/c2ccc3ccccc3)[nH]2)cccc2)c1cccc2)1cc1cccc|O(=Cc1ccc(-c3ccccc3)c2ccc3ccccccc(Cc3cc4ccccc4)c2nc3cc3ccccc23)cc2)c1)[nH]c2ccccc1)ccccccc,missing_smiles,False,SketchMolTokenDiffusion/outputs/runs/sketchmol_compare_token_diffusion_seed7/rendered_smiles_images/mol_047878.png,SketchSMILES/outputs/pairs/phys_50k/images/mol_047878.png,C(=C/c1cnc2ccccc2c1)\c1ccccc1,0.0,False,False,0.0,False,False
,,0.0,,False,SketchMolTokenDiffusion/outputs/runs/sketchmol_compare_token_diffusion_seed7/generated_images/mol_034369.png,,missing_generated_image,False,False,,,0.0,0.0,mol_034369,False,CC1CCCC(C)N1C(=O)C(C(=O)c3ccccc3)C(C(=Occ3cccccc3)(c4ccccc4)c3)C(C)c3ccccc2)c1)ccc1cccC|CC1CCCC(C)N1C(=O)C(C(=O)c3ccccc3)C(=O)c3ccccc3)c2)c3ccccc44)c3)C(C)c3ccccc2))c1ccc1cccC|CC1CCCC(C)N1C(=O)C(C(=O)c3ccccc3)NC(c3ccccc3)c3=O)c3cccccc3))c(C(C)c3ccccc2))c1c)C1cc2c|CC1CCC(CO)N1CCC(C(NC(=O)c3ccccc3)C(C(c3ccccc3)C(CC(C)c3cccccc3)C(C)c3ccccc2)c1)c|CC1CCC((C)N1CCCC(CNC(=O)c3ccccc3)C((c3ccccc3)3)C(C)c3ccccc3)c2)C(C)c3cccccc2)c1ccc1cccccccccc|CC1CCC(CCCN1C(=O)C(C(=O)c3ccccc3)C(C)c3ccccc3)c3cccccc)c34)cc3)C(C)c3ccccc2)c1)ccc1ccc2|CC1CCCC(C)N1CCC(C(NC(=O)c3ccccc3)C(=O)c3ccccc3)C(C)c)c3ccccc33)C(2)c3ccccc2)c1)c|CC1CCC(CCCN1C(=O)C(C(=O)c3ccccc3)NC(c3ccccc3)c3ccccc3)c3ccccc3)c3ccccc3CC)c2)c1C)C11(22,missing_smiles,False,SketchMolTokenDiffusion/outputs/runs/sketchmol_compare_token_diffusion_seed7/rendered_smiles_images/mol_034369.png,SketchSMILES/outputs/pairs/phys_50k/images/mol_034369.png,CC(CN1C(C)CCCC1C)c1cccc(C(=O)c2ccccc2)c1,0.0,False,False,0.0,False,False
,,0.0,,False,SketchMolTokenDiffusion/outputs/runs/sketchmol_compare_token_diffusion_seed7/generated_images/mol_013755.png,,missing_generated_image,False,False,,,0.0,0.0,mol_013755,False,CCCCn1c(=O)c2c(ncn2S(=O)(=O)c2cc3ccc(OC)c(OCCC3CCCC3)c2)c(=O)cc2)c(=O)n1CCCC1CCCCN11n2C))CCCC))|CCCCn1c(=O)c2c(ncn2S(=O)(=O)c2cccc(OC)c(OCCC4CCC)C4)cc3)c(=O)cc2)c(=O)n1CCCC1(CCCC1[O]n2C)cCCCCC)|CCCCn1c(=O)c2c(ncn2S(=O)(=O)c2ccc(OC(c2)OCOCCCCC)C3)cC2)c(OC)cc2)c(=O)n1CCCC1CCCC1C2CCC))1CCC1)|CCCCn1c(=O)c2c(ncn2S(=O)(=O)c2ccc(OC)c2)c(CC3CCCCCC3)c3)cc2)ccc2)c(=O)n1CCCCCCCOCC12c1C)()CCC))|CCCCn1c(=O)c2c(ncn2S(=O)(=O)c3ccc(OC)cc(OCCC)N3CCCCC3)cc(OC)ccc2)c(=O)n1CCCC1(CCCCC2n2C)1)CC2)C|CCCCn1c(=O)c2c(ncn2S(=O)(=O)c2ccc(OC)cccOCCN3CCCCCC)cc3)c(=O)cc2)c(=O)n1C1CCCCCCCCCCC2C)11CCCC)|CCCCn1c(=O)c2c(ncn2S(=O)(=O)c2ccc(OC)ccc(OCCc(OCCCCC))cc3OC)c3c2)c(=O)n1CCCC1CCCCCC211C1)CCCC))|CCCCn1c(=O)c2c(ncn2S(=O)(=O)c2cc3c(c(OC)c(OC33CCCCC3)c3c(=O)nc2)CC2)cc1OC1CCCCCCCC1)C1))cCCCC)),missing_smiles,False,SketchMolTokenDiffusion/outputs/runs/sketchmol_compare_token_diffusion_seed7/rendered_smiles_images/mol_013755.png,SketchSMILES/outputs/pairs/phys_50k/images/mol_013755.png,CCCCn1c(=O)n(CC2CCC2)c(=O)c2c1ncn2S(=O)(=O)c1ccc(OC)c(OC)c1,0.0,False,False,0.0,False,False
,,0.0,,False,SketchMolTokenDiffusion/outputs/runs/sketchmol_compare_token_diffusion_seed7/generated_images/mol_031392.png,,missing_generated_image,False,False,,,0.0,0.0,mol_031392,False,CCN(CC)CC1CCCCN1CC(=O)N2Cc1ccc(C(=O)N2C(=O)c2cccccC(c3ccccn3)ncc23)NC(=O)C1CCCC1C1CCC)C)1C11C)C|CCN(CC)CC1CCCCN1CC(=O)N2C(=O)N(C(=O)c2ccccc22)CC(c3cccccc332)CC1))N1nnccC1CCCCC1C11CCCCCCC)1C)C|CCN(CC)CC1CCCCN1CC(=O)N1c2cccc(C(=O)N2C(=O)N2CCC(c3cccccc32)c2nccccnc1n2)C1CCCC1CC)1CCC)()=C1|CCN(CC)CCCCCCCN1CC(=O)N2c2ccccNC(=O)N2C(=O)c2ccccC(c3ccccc23)CC2)C(NC(NC)C1CCCC1(C11C1C(111CC)C|CCN(CC)CC1CCCCN1CC(=O)N(c2cccc2C(=O)N2C(=O)N2CCC(c3cccccc3))c2nc3ccncc2c)N1CCCCCC11C)2C)(C2)1)C|CCN(CC)CC1CCCCN1CC(=O)N1c2cccc2C(=O)c2ccccc2)N1CCC(c3ccccc3)CCC1)c1ccccc12)CCCC1C1C\C1CC(C1CC)C|CCN(CC)CC1CCCCN1CC(=O)N2c2cccc(C(=O)N2C(=O)N2CCCC(c3ccccc32))c1nnc2ccccc12)CCCC1111CC1C111CC()C|CCN(CC)CC1CCCCN1CC(=O)N1c2cccc(C(=O)N2c(=O)OC1CCC(c3ccccc322)c1nccccccnc12)CCCC)CC11C1CC()1CC)C,missing_smiles,False,SketchMolTokenDiffusion/outputs/runs/sketchmol_compare_token_diffusion_seed7/rendered_smiles_images/mol_031392.png,SketchSMILES/outputs/pairs/phys_50k/images/mol_031392.png,CCN(CC)CC1CCCCCN1CC(=O)N1c2ccccc2C(=O)Nc2cccnc21,0.0,False,False,0.0,False,False
,,0.0,,False,SketchMolTokenDiffusion/outputs/runs/sketchmol_compare_token_diffusion_seed7/generated_images/mol_008124.png,,missing_generated_image,False,False,,,0.0,0.0,mol_008124,False,CC(=O)NNC(=O)NCC(C(c2ccc3c(ccc(c(=C(C(C)C)(C)C)C(c4cccccc(O)cc6)c4[C@H](C)[C@H]4CC36)C1)C14c4CC4c445c)6|CC(=O)NNC(=O)NCC(C(c2ccc3c(cccc(C(C(C(C)C)(C)CC([C@H](c5ccccc(c5ccc45)C(C)(4)CC6)CC)O141ccC44(C)2)6|CC(=O)NNC(=O)NC(C)Cc2ccc3c3ccccc(C(C(C)(C)C)(C)C(c4cccccc(O)ccc)ccc44)[C@H]3C1(6)C5)()4cC3C4444Cc)C|CC(=O)NNC(=O)C(C)C(c2ccc3c3ccc(c3)C(CCC(C(C)C(c4ccccccccc(O)cc(O)cc44)[C@H](C)C6)CCC214413C|CC(=O)NNC(=O)N(C)C1cC(c2cccc3ccc(C((C(C)(C)(C)c4ccccccccc(O)cc(O)cc44)[C@H](C)[C@H]2)C5O114cC3C4442C|CC(=O)NNC(=O)C(C)C1c2ccc3c3ccc(c(=C(C(C)C)(C)C)C(c4ccccc4ccccc(F)ccc4c34)C(6)C1)C)24CCC4c43)3)N|CC(=O)NNC(=O)C(C)C(c2ccc3c(ccccc(CC(C(C)CCC(()C(C)c5ccccc(ccccc(O)c4c45)CC36)CC)[C@]14453|CC(=O)NNC(=O)C(CC(c1ccc2c3cccc(c3=C(C(C(C)C)C(ccc[nH]c6ccccc(O)cc36)[C@@]2(C)[C@H]4CC(C)CC))11cc3C,missing_smiles,False,SketchMolTokenDiffusion/outputs/runs/sketchmol_compare_token_diffusion_seed7/rendered_smiles_images/mol_008124.png,SketchSMILES/outputs/pairs/phys_50k/images/mol_008124.png,CC(=O)NC(=S)NC[C@@H]1C[C@@H]2c3ccc(C(C)(C)C)c4[nH]cc(c34)C[C@H]2N(C)C1,0.0,False,False,0.0,False,False
,,0.0,,False,SketchMolTokenDiffusion/outputs/runs/sketchmol_compare_token_diffusion_seed7/generated_images/mol_015209.png,,missing_generated_image,False,False,,,0.0,0.0,mol_015209,False,CCOc1cc(Sc2ccccc2)N2CCN(C2CCN(C2)c2ccc(C)cc3)n(C)c3cc3sc3c(C)cc2)CN1CCN(C)(CC)C1)C1cC)Cc(C(CC))|CCOc1c(((c2ccccc2)c(CCN(C2)c2((C)cc2)c(N)CC(C)(C)C(c3ccccc33)CC(=O)N1CCN(C)CC)CC1C1)C)CCcCcCCn)|CCOc1c(((c2ccccc2)c2nc(CN2CN(CC2)sc(C)cc(N(C)N1CCN(C(c3ccc(C)cc2)CCN(O)C(C)CC)CC1c1)C2C))C)CC))|CCOc1cc(Sc2ccccc2)c1CCN(C2CN(C)C2c2cccc(C)cc2)N2C)C(c2cccc(C)cc2)CN(CCN1CC)CC1))Cn1(C)Cc(CcCCnn|CCOc1c(C(c2ccccc2)c(C)c(N2CCN(c2ccc(C)cc3)CC2)n(C)C(c2cccc(C)cc2)CCN1CCN(C)CC1)OCC1ccCnc)CcC))C|CCOc1cc(Sc2ccccc2)c2nc(CN2CCN(CCN(CCCCN(C)CC2)nc2c(C)c2ccc(C)cc2s1)N2CCN(C)CC1CC1C)cCcC)c(c))))|CCOc1c(((c2ccccc2)c1CCN(N2CCN((C)ccccc(C)cc32)CC2C)C(c3ccc(C)cc2)CCN1CCN(C)CC1)CCC1)Ccc)CCnCCcC|CCOc1cc(Sc2ccccc2)c(CCC(N2CCN(c2ccc(C)cc3)CC2)CCn(C(c3cccc(C)c(=O)N1CCN(CC)CC1)OC)1)cCC2OCC)C)),missing_smiles,False,SketchMolTokenDiffusion/outputs/runs/sketchmol_compare_token_diffusion_seed7/rendered_smiles_images/mol_015209.png,SketchSMILES/outputs/pairs/phys_50k/images/mol_015209.png,CCOc1ccccc1C(c1cc(C)ns1)N1CCN(C)CC1,0.0,False,False,0.0,False,False
,,0.0,,False,SketchMolTokenDiffusion/outputs/runs/sketchmol_compare_token_diffusion_seed7/generated_images/mol_003536.png,,missing_generated_image,False,False,,,0.0,0.0,mol_003536,False,O=C(OC[C@@H](CO)c1cccc1)S(=O)(=O)(=O)(=O)(=O)c2ccccc2)C(Ccccccc(Clcc11)C(=O)c1ccccc1)NCc1CCNC1()CCCCC|O=C(O)[C@@H](Cc1ccccc1)NS(=O)(=O)(=O)(=O)=O)c2ccccc2)C(=O)CCc1ccccc1)NC(=O)c1ccccc1)OCc1CCNCO()C1C((|O=C(O)[C@@H](CO)c1cccc1)S(=O)(=O)NS(=O))(=O)c(Cc2ccccc2)c(C)ccccCl)c11cNC(=O)NCCCCC1CNCC1Cc(Cc()CCC)(|O=C(O)[C@@H](CC)c1cccc1)S(=O)(=O)(=O)C(S(=O)cccccccc1)C(Cc1cccc(O)c1)C(=O)cc1)cC)CNCNC11CC1C1()CCCcC|O=C(O)[C@@H](CO)c1cccc1)S(=O)(=O)NS(=O))(=O)c2ccccc2)C(=O)CCc2=O)cc1)CCC=C/c1ccccc1)NCc1)C1C)()CCC)(|O=C(O)[C@@H](Cc1ccccc1)NS(=O)(=O)(=O)(=O)CCc2ccccc1)NC(CCc2cccc(Cl)cc1)C(=O)c1ccccc1)CCC1CCOCO()CcC1(|O=C(O)[C@@H](Cc1ccccc1)NS(=O)(=O)N[C@H](=O)(=O)(=Occ1)c2ccccc2)C(=N=O)c1ccccc1)c1ccccccc1)c1Cc(CO(c11c)(|O=C(O)[C@@H](CO)c1cccc1)S(=O)(=O)NS(=O)C(=O)Cc2cccccc)c2ccccc2)cccc1)c1C(=O)CCCCCC(NNCCCcC(1O()C)C)(,missing_smiles,False,SketchMolTokenDiffusion/outputs/runs/sketchmol_compare_token_diffusion_seed7/rendered_smiles_images/mol_003536.png,SketchSMILES/outputs/pairs/phys_50k/images/mol_003536.png,O=C[C@H](Cc1ccccc1)NC(=O)C(Cc1ccccc1)NS(=O)(=O)c1ccccc1,0.0,False,False,0.0,False,False
,,0.0,,False,SketchMolTokenDiffusion/outputs/runs/sketchmol_compare_token_diffusion_seed7/generated_images/mol_042816.png,,missing_generated_image,False,False,,,0.0,0.0,mol_042816,False,CC(C)Oc1ccc(NC(=O)Nc2cccc(OC(=O)N2CC2CCC(C(=O)N2CC(C(=O)N2CC2CC2)c2ccccc2)CCN(C11C1CC)C)1|CC(C)Oc1ccc(NC(=O)NC1CC)C(OC(=O)N2CCCN(C(=O)O)N2CCN(C2C2CCC)C2)c2ccccc2)N1CC2CC11C1cC1C1cC2CC)N|CC(C)Oc1ccc(NC(=O)NCCC(=O)OC(=O)N2CCC(C)C(C(=O)N2CCN(C(CO)C3C2)CC2)c2ccccc2)ccc1c11c11CCcccCcc)|CC(C)Oc1ccc(NC(=O)NC2CCCC1OC(=O)N2CCCCC2)C(=O)N2CCN(C(C2CCCC(C)C)c2c1cccccc1N2C1cC1)C1C11c)CC)N|CC(C)Oc1ccc(NC(=O)NC2CCCC1)C(=O)N2CCC(C(C)C(=O)N2CCN(CCCNCC2)CC2)c2cccccc1)cccc1c111C2C()cc)c)C|CC(C)Oc1cccc(C(=O)NC1=O)C(OC(=O)N2CCC(C2CC(=O)NN2CC(C2C2CCC)C2)c2ccccc2)N1)C2CC1)C1C11C11C)1C)N|CC(C)Oc1ccc(NC(=O)NC2CCC2)OC(=O)NC2CC2CCN(C(=O)N2CCCC(C2CC2CC2)c2ccc2cccccc1CCN1111(C1C)11))))N|CC(C)Oc1ccc(NC(=O)NC2CCCC1)C(=O)N2CCC(NC(=O)NCC2CCN(C2C2CC2)C2)c1cccccccccc1N(C11C1)C1CC(CC)c)N,missing_smiles,False,SketchMolTokenDiffusion/outputs/runs/sketchmol_compare_token_diffusion_seed7/rendered_smiles_images/mol_042816.png,SketchSMILES/outputs/pairs/phys_50k/images/mol_042816.png,CC(C)Oc1ccccc1NC(=O)NC1CC2CCC(C1)N2C,0.0,False,False,0.0,False,False
,,0.0,,False,SketchMolTokenDiffusion/outputs/runs/sketchmol_compare_token_diffusion_seed7/generated_images/mol_019241.png,,missing_generated_image,False,False,,,0.0,0.0,mol_019241,False,COC(=O)C(=N)/C=C(\O)c1cccc(C(=C)C(=O)c2ccc(C(=O)/C=C3c3ccc34)c2)cc3ccccc3)CCC)COCO1)/(O)()C)C))|COC(=O)C(=O)/C=C(\O)c1ccccc1)=C(\(=O)C(=C/C(N\C(=O)c3ccccc3)cc1)c1ccccc1)CCCC(C)C11)CCO)(c\)C|COC(=O)C(=N)/C=C(\O)c1ccccc2)=C(\C(=N)OC=C/C(=O)NC(c3ccccc32)c1)c1ccccc1)CCCC(C)CC1)CCC(()C(C)(|COC(=O)C(=N)/C=C(\O)c1ccccc1)C(=O)c2ccccc2)C(=O)/C=C(c3cccc3)c3ccccc3)C1CC)CC(C)C1)(CO/)(CC)C)/|COC(=O)C(=N)/C=C(\O)c1ccccc1)=C(\C(=O)OC=C/C(=O)/C=C(c3ccccc3)c3ccccc3)CCC)CC(C)CO1)/(C)()C)c)/|COC(=O)C(=N)/C=C(\O)c2ccccc2)=C(=O)O)C(=N/C(=N/C=C/c3ccccc3)c1)c1ccccc1)CCCCCC)OC1C)(())()()C)/|COC(=O)C(=N)/C=C(\O)c1cccc(C)=C(\C(=O)/C=C\C(=O)NC(c3ccccc3)Oc3ccccccc3)OC(C)C)OCC1)=())()()C)C|COC(=O)C(=N)/C=C(\O)c2ccccc2)=C(\O)OC(=O)N)C(=O)/C(C3c3ccc3))c2)Oc3cccccc3)CC)C/C)1(C(\)(cC(C)C,missing_smiles,False,SketchMolTokenDiffusion/outputs/runs/sketchmol_compare_token_diffusion_seed7/rendered_smiles_images/mol_019241.png,SketchSMILES/outputs/pairs/phys_50k/images/mol_019241.png,COC(=O)C(=N)/C=C(\O)c1ccccc1,0.0,False,False,0.0,False,False
,,0.0,,False,SketchMolTokenDiffusion/outputs/runs/sketchmol_compare_token_diffusion_seed7/generated_images/mol_027218.png,,missing_generated_image,False,False,,,0.0,0.0,mol_027218,False,CCCOc1ccc2c(c1)OC)C(c1cc3c(cc)C(C(=O)O)(C(=O)O2[C@H]([C@H](c2ccccc)O)cc1)OC(=O)OCC3))c2OCO21c1(|CCCOc1ccc2c(c1)C(cC(c1cc3c(cc)OC(=O)O)[C@H](C(=O)O)[C@H]c2)[C@H](c2ccccc(ccc)C(=O)OCCC3)OCCc1O23c121(O(OO|CCCOc1ccc2c(c1)OC)C(c1cc3c(cc)O(C(=O)O)[C@H](C(C(=O)[C@H]2[C@H](c1ccccc(OC)cc1)OCOC(C)OC2)Cc1O3Oc1c|CCCOc1ccc2c(c1)[C@H](OC(c1cc3c(c1)C(C(=O)O)[C@H]2[C@H](C(=O)[C@H](c4cccccc2)OCO3)C(=O)OCC3)CCC)c1OOcc12|CCCOc1ccc2c(c1)[C@H](OC(c1cc3c(cc)OC(=O)O)[C@H]2C[C@@H](C(=O)[C@H]2[C@H](c2cccc(C)cc1)OC(=O)CC3)CCOCcCO21c11|CCCOc1ccc2c(c1)[C@H](OC(c1cc3c(cc1OC(=O)O)[C@H](CCOC(=O)[C@H](C2c3ccccc3)OC()OCO4)OC(=))O)CC1O2cc12|CCCOc1ccc2c(c1)OCOC(c3cc3c(c1)C(=(=O)O)(c2)C(=O)[C@H](c2c4ccccc4)cc1)OC(=O)OCC3)OCCO112)c22|CCCOc1ccc2c(c1)[C@H](OC(c1cc3c(cc1)C(=O)O)[C@H](C(=O)O)[C@H](c2ccc3ccc2)OCCO1)C(=O)OCC3)OCCO)O1cc11,missing_smiles,False,SketchMolTokenDiffusion/outputs/runs/sketchmol_compare_token_diffusion_seed7/rendered_smiles_images/mol_027218.png,SketchSMILES/outputs/pairs/phys_50k/images/mol_027218.png,CCCOc1ccc2c(c1)[C@@H](c1ccc(OC)cc1)[C@H](C(=O)O)[C@H]2c1ccc2c(c1)OCO2,0.0,False,False,0.0,False,False
,,0.0,,False,SketchMolTokenDiffusion/outputs/runs/sketchmol_compare_token_diffusion_seed7/generated_images/mol_002580.png,,missing_generated_image,False,False,,,0.0,0.0,mol_002580,False,O=C1NC(c2ccccc2)Nc2ccccc2)N=C(c2ccccc2)NC(=O)C2=NC(Nc3ccccc3)ccNC2=N)c3ccccc12)ccc1cccc3c(ccccc|O=C1NC(c2ccccc2)Nc2ccccc2)N=C(c2ccccc2)NC(=O)NC2=NC(c3ccccc3)Nc2C1(O)c2ccccc2c3ccc1cccccc(c33cc|O=C1NC(c2ccccc2)Nc2ccccc2)C(c2ccccc2)NC2=O)NC(=N=NC(c3ccccc3)ccnc3)NN2Nc3cccc2))cc1ccccccccnccc|O=C1NC(c2ccccc2)Nc2ccccc2)N=C(c2ccccc2)NC(=O)C2NC(c3ccccc3)Nc3ccccn3)c3ccccccc2)c)1ccc2cccc1ccN|O=C1NC(c2ccccc2)Nc2ccccc2)N=C2c2ccccc2)NC(=O)NC2=NC(c3ccccc3)cc2)cc2)c2ccccc2c1ccc1ccccccc3c3c(|O=C1NC(c2ccccc2)Nc2ccccc2)=NC2c2ccccc2)NC(=O)NC2=NC(c3ccccc3)c3ccccc3)Nc3cccc2)1)c1cc)2cccccccN|O=C1NC(c2ccccc2)Nc2ccccc2)=NC2c2ccccc2)NC(=O)Nc2ccC(c3ccccc3)Nc3)c3cccnc3)NC2CN=1)1cccccccccccc|O=C1NC(c2ccccc2)Nc2ccccc2)N=C(c2ccccc2)NC(=O)NC2c3ccccccc3))c3ccccc3)N2)c3cccc2)cc1cccccccccc2(,missing_smiles,False,SketchMolTokenDiffusion/outputs/runs/sketchmol_compare_token_diffusion_seed7/rendered_smiles_images/mol_002580.png,SketchSMILES/outputs/pairs/phys_50k/images/mol_002580.png,O=C1NC(c2cccnc2)Nc2ccccc21,0.0,False,False,0.0,False,False
,,0.0,,False,SketchMolTokenDiffusion/outputs/runs/sketchmol_compare_token_diffusion_seed7/generated_images/mol_018385.png,,missing_generated_image,False,False,,,0.0,0.0,mol_018385,False,CN1C(=O)CCCNC(=O)[C@H]1CCc1ccc(Cl)c(Cl)cc(Cl)c()CC2)C2CCCCN3CCCCCC3)c(Cl)c(Cl)c(O)C1CCC2C1C1CC1CC(CCCC)N|CN1C(=O)CCCNC(=O)[C@H](CCCc1cc(Cl)c(Cl)cc(Cl)c(CCC=O)NCCCC2CCCCCC2)C1)c1cccc(Cl)cC)CCC2N1C1CC1C1()CCc))|CN1C(=O)CCCNC(=O)[C@H](CCCc1cc(Cl)c(Cl)cc(Cl)c()C(=O)N2CCC(C2CC2)c2cc(Cl)c(Cl)C(C)C1CCC)C1C1CC1CC(CCC))C|CN1C(=O)CCCNC(=O)[C@H](CCCc1cc(Cl)c(Cl)cc(Cl)c()CCC2)NCCCN(C2CCCCC2)C(ccc(Cl)c(O)C1)OC)C1C1CC1C)()COC)C|CN1C(=O)CCCNC(=O)[C@H](CCc1ccc(Cl)c(Cl)cc(CC2CCCCC2)N2CCC(C)CC2)CCC1)c1ccc(Cl)c1)C1CCCN111CC1C)(CC)c(C|CN1C(=O)CCCNC(=O)[C@H](CCc1ccc(Cl)c(Cl)cc(Cl)c(CCC2)C2CCCC2)CC2)c2ccc(c)c(Cl)c(C)C1CCCCC)11)11CC(C|CN1C(=O)CCCNC(=O)(=OCc1ccc(Cl)c(Cl)c(Cl)C2CCCCC2)N2CCC(C2CCC2))CC)c1cccc(Cl)c1)O)CCNCO1)C1Cc())CC(N|CN1C(=O)CCCNC(=O)[C@H]1CCc1ccc(Cl)c(Cl)cc(Cl)c(OCCC2)NCCCC(N2CCCCC2)c(c)c(Cl)cc1)CCC)C1C1C12C(CC((C)C)C,missing_smiles,False,SketchMolTokenDiffusion/outputs/runs/sketchmol_compare_token_diffusion_seed7/rendered_smiles_images/mol_018385.png,SketchSMILES/outputs/pairs/phys_50k/images/mol_018385.png,CN1CCC[C@@]12CCCC[C@@H]2NC(=O)Cc1ccc(Cl)c(Cl)c1,0.0,False,False,0.0,False,False
,,0.0,,False,SketchMolTokenDiffusion/outputs/runs/sketchmol_compare_token_diffusion_seed7/generated_images/mol_001512.png,,missing_generated_image,False,False,,,0.0,0.0,mol_001512,False,CCNCC1CCN(c2c(F)cc3c(=O)c(C(=O)O)cn(C4CCCCCC4))c(F)cc3F)c(c)ccc3cc2c1CC1CC2)C2))CC1[O]ccCcc44Cc)(|CCNCC1CCN(c2c(F)cc3c(=O)c(C(=O)O)cn(C4CCCCCCC4)c(F)cc34)c(F)c3c3cc3c2F)cc(F)C1))CCC[O]c2C)(4CC3)C|CCNCC1CCN(c2c(F)cc3cc=O)c(C(=O)O)cn(C4CCCCC4)CNCC4)c(=O)c(F)ccc3cccc3c2cCCC2)CCC111[O]ccC)c))))))|CCNCC1CCN(c2c(F)cc3cc=O)c(C(=O)O)cn(C4CCC4)CC4)CC4)c(F)cc4F)c3cccccc3c2c((O)C1))CC1[O]c(C)cC)CC)c|CCNCC1CCN(c2c(F)c3cc(=O)c(C(=O)O)cn(C4CCCCNCC4)CC4)cc3F)c3c4c)cc3c2c1CCCCC3)C1))C)12ccCccc)C))(|CCNCC1CCN(c2c(F)cc3c(=O)c(C(=O)O)cn(C4CCCC4)cn4CC4)c(4)c3c)cc3c2cccc(F)cc(F)C1))C)1[O]cOCc(5)CC)c|CCNCC1CCN(c2c(F)cc3c(=O)c(C(=O)O)cn(C4CCCCCCC4)cc6)cc(F)c4)c3ccc(F)c2c2CCCC2)C1)C)1[O]ccC)(Cc))))|CCNCC1CCN(c2c(F)cc3c(=O)c(C(=O)O)cn(C4CCCC4CCCNCC4)cc3F)c(F)c3cccc2c1CCCCC2)C1))CC1[O]ccCcc(cCc)),missing_smiles,False,SketchMolTokenDiffusion/outputs/runs/sketchmol_compare_token_diffusion_seed7/rendered_smiles_images/mol_001512.png,SketchSMILES/outputs/pairs/phys_50k/images/mol_001512.png,CCNCC1CCN(c2c(F)cc3c(=O)c(C(=O)O)cn(C4CCCC4)c3c2F)C1,0.0,False,False,0.0,False,False
,,0.0,,False,SketchMolTokenDiffusion/outputs/runs/sketchmol_compare_token_diffusion_seed7/generated_images/mol_020872.png,,missing_generated_image,False,False,,,0.0,0.0,mol_020872,False,Cc1ccc(N(c2cc(N(CCCCN(S(C)(=O)=O)COc4ccc(OCC(O)Cc4cccccccc4))c3)cc(O)c2O)c(O)ccn1c1Occ1)c))3c)N|Cc1ccc(N)c2cc(N(CCCCN(S(C)(=O)=O)c(Cc3cc(OCC=O)N3Cc4ccccc(O)c45)cccc3c2)C(O))c1)cc1Occ)|Cc1ccc(N(c2cc(N(CCO)CC((C)(=O)=O)c(Cc3cc(OCC3)c(Cc4ccccccc44)c(O)ccc3C(C)(O))c2O)c1)cc2)c)))))N|Cc1ccc(N)c2cc(N(CCCCN(S(C)(=O)=O)c(c4ccc(OCCc4ccc(Cc4cccc(O)c3)cc2))c(O)c(OC)c1Oc21cccc3c3)3))N|Cc1ccc(N)c2cc(N(C3CCN(S(C)(=O)=OO)=O)ccc(OCc4c3ccc4cccccccc)c(O)c3O)c(O)cc(O)c1)cc12cc22c)c)c)N|Cc1ccc(N(c2cc(N(CCOCC(S(C))=O)=O)c2ccc(OCc3ccc(OCc4cccccc5c4)c3O)c(O)c2)C(O)c1nOcc1cCcc|Cc1ccc(N(c2cc(N(CCO)C(S(C)(=O)=OO)(=O)COCc3ccc(OCc4ccccc)cc4)c(O)ccc3(2)c(O)n1))cc1cccCccc1(c)N|Cc1ccc(N(c2cc(N(CCO)C(S(CO)=O)=O)c3cc(Cc4ccccc(OCc4ccccc4)c3)ccO)c(O)c2)C(O)c2cccc1cccccc)))c,missing_smiles,False,SketchMolTokenDiffusion/outputs/runs/sketchmol_compare_token_diffusion_seed7/rendered_smiles_images/mol_020872.png,SketchSMILES/outputs/pairs/phys_50k/images/mol_020872.png,C[C@H]1COCCN1c1cc(CS(C)(=O)=O)nc(-c2cccc(O)c2)n1,0.0,False,False,0.0,False,False
,,0.0,,False,SketchMolTokenDiffusion/outputs/runs/sketchmol_compare_token_diffusion_seed7/generated_images/mol_020828.png,,missing_generated_image,False,False,,,0.0,0.0,mol_020828,False,Cc1ccc(OCc2cc(Cl)cc2CC(=O)O)C(=O)O)cccc(C(=O)O)c(Cl)c(Clcc3cc(Cl)c3)c3)cc(Clcc(Cl)c2c)c)1)ccc|Cc1ccc(OCc2cc(Cl)cc2CC(=O)O)C(=O)O)ccc(CC(=O)O)c(C)C(=O)OCc3ccc(Cl)c(Cl)c(Cl)(Cl))c2)ccc)ccc|Cc1ccc(OCc2cc(Cl)cc2)C(=O)O)C(=O)O)ccc(CC(=O)O)c(CC(cc3cccc3Cl)cc2Cl)C(Cl)(Cl)c(Cl)c1)ccc)c23)(2))c)O|Cc1ccc(OCc2cc(Cl)cc2CC(=O)O)C(=O)O)c3c(CC(=O)O)c(Cl)c(Clcccc3)cc2C)cc(Cl)c(Cl)c(Cl)cc)cc1)ccc|Cc1ccc(OCc2cc(Cl)cc2CC(=O)O)C(=O)O)ccccCC(=O)O)c(C(=O)c3ccc(Cl)c3)c2)cc(Cl)c(Cl))c2)cc2)ccc|Cc1ccc(OCc2cc(Cl(cc2)C(=O)OCC(=O)O)ccc(CC(=O)O)c(3)c(Cl)c3cc(Cl)c(Cl)c(Cl)c(Cl)c2))c1)cc2cc)ccc|Cc1ccc(OCc2cc(Cl)cc2CC(=O)O)C(=O)O)ccc(CC(=O)O)c(CCC(=O)O)c3ccc(Cl)c(Cl)c(Cl)c2))c(Clcc1)c2O|Cc1ccc(OCc2cc(Cl)cc2CC(=O)O)C(=O)O)c3cc(C(=O)O)cc3)c(Cc3ccc(Cl)c(Cl)ccc2Cl)C(C)CCl)cClc)ccccc,missing_smiles,False,SketchMolTokenDiffusion/outputs/runs/sketchmol_compare_token_diffusion_seed7/rendered_smiles_images/mol_020828.png,SketchSMILES/outputs/pairs/phys_50k/images/mol_020828.png,Cc1ccc(Oc2cc(C)ccc2CC(=O)O)c(Cl)c1,0.0,False,False,0.0,False,False
